1001,《技规》（普速铁路部分）固定行车设备定期全面检查和专项检查的检查结果记入（  ）内。,《行车日志》,《行车设备检查登记簿》,《行车设备故障登记簿》,《行车设备加封登记簿》,B
1002,《技规》（普速铁路部分）对设有加锁加封的信号设备，应加锁加封，必要时可设置计数器，（  ）应负责其完整。,使用人员,电务人员,工务人员,供电人员,A
1003,《技规》（普速铁路部分）信号机按类型分为色灯信号机、臂板信号机和（  ）。,调车信号机,进出站信号机,机车信号机,驼峰信号机,C
1004,《技规》（普速铁路部分）在地形、地物影响视线的地方，进站、通过、接近、预告、遮断信号机的显示距离，在最坏的条件下，不得小于（  ）m。,200,400,800,1000,A
1005,《技规》（普速铁路部分）信号机设在列车运行方向的左侧或其所属线路的中心线（  ）。,前侧,左侧,右侧,上空,D
1006,《技规》（普速铁路部分）列车运行速度超过120km/h的区段，设置两段接近区段，在第一接近区段和第二接近区段的分界处，设接近信号机，在第一接近区段入口内（  ）米处，设置机车信号接通标。,50,100,200,400,B
1007,《技规》（普速铁路部分）出站信号机有两个及以上的运行方向，而信号显示不能分别表示进路方向时，应在信号机上装设（  ）。,进路表示器,发车进路表示器,道岔表示器,脱轨表示器,A
1008,《技规》（普速铁路部分）集中联锁以外的脱轨器及引向安全线或避难线的道岔，设（  ）。,进路表示器,道岔表示器,调车表示器,脱轨表示器,D
1009,《技规》（普速铁路部分）各种联锁设备（驼峰除外）主体信号机未开放时，（  ）信号机不能开放。,预告,出站,进站,敌对,A
1010,《技规》（普速铁路部分）各种联锁设备（驼峰除外）信号机开放后，该进路上的有关道岔不能扳动，其（  ）信号机不能开放。,预告,出站,防护,敌对,D
1011,《技规》（普速铁路部分）在双线区段，应采用（  ）闭塞。,半自动,自动站间,自动,电话,C
1012,《技规》（普速铁路部分）接触网带电部分至固定接地物的距离，不小于（  ）mm。,200,300,500,100,B
1013,《技规》（普速铁路部分）接触网带电部分至机车车辆或装载货物的距离，不小于（  ）mm。,100,200,300,350,D
1014,《技规》（普速铁路部分）跨越电气化铁路的各种建（构）筑物与带电部分最小距离，不小于（  ）mm。,200,300,500,100,C
1015,《技规》（普速铁路部分）在接触网支柱及距接触网带电部分（  ）mm范围内的金属结构物须接地。,1000,2000,3000,5000,D
1016,《技规》（普速铁路部分）有大型养路机械作业的路基地段，接触网支柱内侧距线路中心距离不小于（  ）mm。,1000,2000,3000,3100,D
1017,《技规》（普速铁路部分）为保证人身安全，除专业人员执行有关规定外，其他人员（包括所携带的物件）与牵引供电设备带电部分的距离，不得小于（  ）mm。,1000,2000,3000,5000,B
1018,《技规》（普速铁路部分）列车编组计划的编制，应在加强（  ）组织的基础上，最大限度地组织成组、直达运输，合理分配各编组站、区段站的中转工作，减少列车改编次数。,货流,车流,客流,行车,A
1019,《技规》（普速铁路部分）列车运行图是铁路（  ）工作的基础。,行车组织,调车组织,运输组织,计划组织,A
1020,《技规》（普速铁路部分）凡划分车场的车站的行车组织工作，各车场由该车场的（  ）统一指挥。,站长,车站值班员,站调,助理值班员,B
1021,《技规》（普速铁路部分）车场间接发列车进路互有关联的行车事项，由指定的（  ）统一指挥。,站长,车站值班员,站调,胜任人员,B
1022,《技规》（普速铁路部分）封锁、开通区间应发布（  ）。,调度命令,通知,绿色许可证,运行揭示,A
1023,《技规》（普速铁路部分）向封锁区间开行救援列车、路用列车应发布（  ）。,绿色许可证,路票,调度命令,红色许可证,C
1024,《技规》（普速铁路部分）临时变更或恢复原行车闭塞法应发布（  ）。,红色许可证,绿色许可证,路票,调度命令,D
1025,《技规》（普速铁路部分）双线反方向行车、由双线改为单线或恢复双线行车应发布（  ）。,绿色许可证,路票,调度命令,红色许可证,C
1026,《技规》（普速铁路部分）变更列车径路应发布（  ）。,调度命令,红色许可证,绿色许可证,路票,A
1027,《技规》（普速铁路部分）发出在区间内停车或由区间返回的列车应发布（  ）。,红色许可证,绿色许可证,路票,调度命令,D
1028,《技规》（普速铁路部分）开往区间内岔线的列车应发布（  ）。,绿色许可证,路票,调度命令,红色许可证,C
1029,《技规》（普速铁路部分）发出临时由区间内返回后部补机的列车应发布（  ）。,红色许可证,绿色许可证,路票,调度命令,D
1030,《技规》（普速铁路部分）列车需临时降弓运行应发布（  ）。,绿色许可证,路票,调度命令,红色许可证,C
1031,《技规》（普速铁路部分）因行车设备故障、灾害或施工，以及列车中挂有限速的机车车辆等，需要使列车临时限速运行（纳入运行揭示调度命令或本务机车、动车组自身设备原因限速时除外）应发布（  ）。,调度命令,红色许可证,绿色许可证,路票,A
1032,《技规》（普速铁路部分）动车组列车空调失效需打开部分车门限速运行应发布（  ）。,红色许可证,绿色许可证,路票,调度命令,D
1033,《技规》（普速铁路部分）车站使用故障按钮、总辅助按钮应发布（  ）。,红色许可证,绿色许可证,路票,调度命令,D
1034,《技规》（普速铁路部分）超长列车或列车挂有装载超限货物的车辆应发布（  ）。,红色许可证,绿色许可证,路票,调度命令,D
1035,《技规》（普速铁路部分）单机附挂车辆应发布（  ）。,调度命令,红色许可证,绿色许可证,路票,A
1036,《技规》（普速铁路部分）半自动闭塞区间，超长列车头部越过出站信号机（未压上出站方面的轨道电路）发车应发布（  ）。,红色许可证,调度命令,绿色许可证,路票,B
1037,《技规》（普速铁路部分）在非到发线上接发列车应发布（  ）。,红色许可证,绿色许可证,路票,调度命令,D
1038,《技规》（普速铁路部分）调度日（班）计划以外，临时加开或停运列车（单机除外）应发布（  ）。,调度命令,红色许可证,绿色许可证,路票,A
1039,《技规》（普速铁路部分）双线区间在区间内进行跨线装卸作业时，对开入其邻线的列车应发布（  ）。,调度命令,红色许可证,绿色许可证,路票,A
1040,《技规》（普速铁路部分）双线区间在区间内有除雪机、起重机工作时，对开入其邻线的列车应发布（  ）。,红色许可证,调度命令,绿色许可证,路票,B
1041,《技规》（普速铁路部分）双线区间在区间内发生冲突、脱轨、火灾、爆炸事故，对开入其邻线的列车应发布（  ）。,红色许可证,绿色许可证,路票,调度命令,D
1042,《技规》（普速铁路部分）列尾装置故障（丢失）的货物列车继续运行应发布（  ）。,红色许可证,绿色许可证,路票,调度命令,D
1043,《技规》（普速铁路部分）改按天气恶劣难以辨认信号的办法行车或恢复正常行车应发布（  ）。,调度命令,红色许可证,绿色许可证,路票,A
1044,《技规》（普速铁路部分）动车组列车转入或退出隔离模式（被救援时除外）应发布（  ）。,红色许可证,调度命令,绿色许可证,路票,B
1045,《技规》（普速铁路部分）动车组列车在列控车载设备控车和列车运行监控装置控车之间人工转换应发布（  ）。,红色许可证,绿色许可证,路票,调度命令,D
1046,《技规》（普速铁路部分）临时利用本务机车调车作业应发布（  ）。,红色许可证,调度命令,绿色许可证,路票,B
1047,《技规》（普速铁路部分）利用天窗施工、维修作业应发布（  ）。,绿色许可证,路票,调度命令,红色许可证,C
1048,《技规》（普速铁路部分）施工、维修作业较指定时间延迟结束应发布（  ）。,调度命令,红色许可证,绿色许可证,路票,A
1049,《技规》（普速铁路部分）运行揭示调度命令与实际限速、行车方式或设备不符时应发布（  ）。,红色许可证,绿色许可证,路票,调度命令,D
1050,《技规》（普速铁路部分）正线、到发线接触网停电或送电（接触网倒闸、跳闸后试送电、向中性区送电或弓网故障排查除外）应发布（  ）。,红色许可证,调度命令,绿色许可证,路票,B
1051,《技规》（普速铁路部分）正线、到发线接触网停电后准许登顶作业应发布（  ）。,绿色许可证,路票,调度命令,红色许可证,C
1052,《技规》（普速铁路部分）双管供风旅客列车运行途中改为单管供风应发布（  ）。,红色许可证,调度命令,绿色许可证,路票,B
1053,《技规》（普速铁路部分）使用电话发收调度命令时，应填记（  ）。,行车日志,运统46,《调度命令登记簿》,《行车设备检查登记簿》,C
1054,《技规》（普速铁路部分）车站技术管理和作业组织应在（  ）中规定。,《站细》,《行规》,《技规》,《站长日志》,A
1055,《技规》（普速铁路部分）凡在车站参加作业的站、段、所等有关人员，均须熟悉和执行（  ）的有关规定。,《站细》,《行规》,《技规》,《站长日志》,A
1056,《技规》（普速铁路部分）站内线路的道岔及车站与其他单位所管线路相衔接的道岔（包括防护道岔），由（  ）负责管理。,工务部门,电务部门,车站,机务部门,C
1057,《技规》（普速铁路部分）车站集中操纵的道岔，应由（  ）负责。,助理值班员,车站值班员,信号员,扳道员,B
1058,《技规》（普速铁路部分）驼峰集中操纵的道岔，应由（  ）负责。,车站值班员,信号员,扳道员,驼峰值班员,D
1059,《技规》（普速铁路部分）编组超重列车时，编组站、区段站应商得机务段调度员同意，在中间站应得到司机的同意，并均须经（  ）准许。,车站值班员,站调,列车调度员,站长,C
1060,《技规》（普速铁路部分）列车长度应根据运行区段内各站到发线的有效长，并须预留（  ）m的附加制动距离确定。,10,20,30,50,C
1061,《技规》（普速铁路部分）客车编入货物列车回送时，客车编挂辆数不得超过（  ）辆，应挂于列车中部或后部。,10,20,5,3,B
1062,《技规》（普速铁路部分）装有密接式车钩的客车原则上应附挂旅客列车回送。需附挂货物列车回送时，不得超过（  ）辆，其后编挂的其他车辆不得超过1辆。,3,5,8,10,D
1063,《技规》（普速铁路部分）机械冷藏车组应尽量挂于货物列车（  ）。,中部或后部,中部,尾部,前部或尾部,A
1064,《技规》（普速铁路部分）旅客列车列尾装置尾部主机的安装与摘解、风管及电源的连结与摘解，由（  ）负责。,车务部门,车辆部门,电务部门,调车组,B
1065,《技规》（普速铁路部分）货物列车列尾装置尾部主机的安装与摘解，由（  ）负责。,车务人员,车辆人员,机务人员,调车组人员,A
1066,《技规》（普速铁路部分）回送机车，应挂于本务机车（  ）。,中部,后部,次位,尾部,C
1067,《技规》（普速铁路部分）回送铁路救援起重机，应挂于列车（  ）。,中部,后部,次位,前部,B
1068,《技规》（普速铁路部分）单机挂车的辆数，线路坡度不超过12‰的区段，以（  ）辆为限。,3,5,8,10,D
1069,《技规》（普速铁路部分）关门车不得挂于机车后部（  ）辆车之内。,一,二,三,四,C
1070,《技规》（普速铁路部分）关门车在列车中连续连挂不得超过（  ）辆。,两,三,四,五,A
1071,《技规》（普速铁路部分）对于不适于连挂在列车中部但走行部良好的关门车车辆，经列车调度员准许，可挂于列车尾部，以（  ）辆为限。,一,二,三,四,A
1072,《技规》（普速铁路部分）动车组无动力回送或被救援时，过渡车钩、专用风管的安装与拆卸由（  ）负责，司机配合。,调车组,随车机械师,列检,副司机,B
1073,《技规》（普速铁路部分）货物列车本务机车在车站调车作业时，无论单机或挂有车辆，与本列的车辆摘挂和软管摘结，均由（  ）负责。,随车机械师,列检,助理值班员,调车作业人员,D
1074,《技规》（普速铁路部分）列车机车与动车组过渡车钩的连结与摘解、软管摘结、电气连接线的连结与摘解，由（  ）负责。,调车组,随车机械师,列检,助理值班员,B
1075,《技规》（普速铁路部分）动车组列车运行途中遇空气弹簧故障时，运行速度不得超过（  ）km/h（CRH2、CRH380A/AL型为120km/h）。,90,120,160,200,C
1076,《技规》（普速铁路部分）动车组列车以外其他旅客列车运行途中遇车辆空气弹簧故障时，运行速度不得超过（  ）km/h。,90,120,160,200,B
1077,《技规》（普速铁路部分）采用密接式车钩的旅客列车，在运行途中因故障更换15号过渡车钩后，运行速度不得超过（  ）km/h。,90,120,140,160,C
1078,《技规》（普速铁路部分）长大下坡道为：线路坡度超过6‰，长度为（  ）km及以上。,2,5,8,10,C
1079,《技规》（普速铁路部分）长大下坡道为：线路坡度超过12‰，长度为（  ）km及以上。,2,5,8,10,B
1080,《技规》（普速铁路部分）长大下坡道为：线路坡度超过20‰，长度为（  ）km及以上。,2,5,8,10,A
1081,《技规》（普速铁路部分）车站的调车工作，应按车站的技术作业过程及（  ）进行。,调车作业计划,阶段计划,班计划,编组方案,A
1082,《技规》（普速铁路部分）调车作业由（  ）单一指挥。,站调,调车长,调车区长,车站值班员,B
1083,《技规》（普速铁路部分）铁路线路分为正线、（  ）、段管线、岔线、安全线及避难线。,到发线,货物线,专用线,站线,D
1084,《技规》（普速铁路部分）（  ）是在长大下坡道上能使失控列车安全进入的线路。,岔线,渡线,避难线,安全线,C
1085,《技规》（普速铁路部分）信号表示器分为道岔、脱轨、进路、发车、发车线路、（  ）及车挡表示器。,驼峰,调车,驼峰辅助,复示,B
1086,《技规》（普速铁路部分）遮断信号机和半自动闭塞、自动站间闭塞区段线路所通过信号机，设（  ）信号机。,接近,遮断,预告,容许,C
1087,《技规》（普速铁路部分）双线电气化铁路实行V形天窗作业时，为确保人身安全，应在设备、机具、照明、（  ）等方面采取相应措施。,作业组织,人员组织,范围划分,作业内容,A
1088,《技规》（普速铁路部分）（  ）是全路的车流组织计划。,阶段计划,列车编组计划,列车运行图,调度命令,B
1089,《技规》（普速铁路部分）全国铁路的行车时刻，均以北京时间为标准，从（  ）起计算，实行24小时制。,零时,十二时,十八时,二十四时,A
1090,《技规》（普速铁路部分）全国各线的列车运行方向，以（  ）的规定为准。,有关规定,调度所,铁路局,铁路总公司,D
1091,《技规》（普速铁路部分）对跨局的列车，更换机车或变更限速条件时，应由（  ）重新发给相关调度命令。,铁路总公司列车调度员,发车铁路局列车调度员,接车铁路局列车调度员,有关铁路局列车调度员,D
1092,《技规》（普速铁路部分）在双线区间，旅客列车仅在正方向区间的线路封锁施工、发生自然灾害或因事故中断行车等特殊情况下，经铁路局（  ）准许，方可反方向运行。,局长,调度所值班主任,调度所值班副主任,列车调度员,B
1093,《技规》（普速铁路部分）车站应设有（  ），并办理列车接发、会让和客货运业务。,正线,到发线,岔线,配线,D
1094,《技规》（普速铁路部分）列车应按本规程、（  ）和列车运行图规定的编挂条件、车组、重量或长度编组。,列车编组计划,调度命令,阶段计划,日班计划,A
1095,"《技规》（普速铁路部分）动车组以外的列车,（  ）自动制动机应进行全部试验。",货车列检对始发列车、中转作业列车连挂机车后,列车摘挂补机，或第一机车的自动制动机损坏交由第二机车操纵时,列检作业场对运行途中自动制动机发生故障的到达列车,单机附挂车辆时,C
1096,《技规》（普速铁路部分）调车人员不足（  ）人，不准进行调车作业。,1,2,3,4,B
1097,《技规》（普速铁路部分）调动乘坐旅客或装载爆炸品、气体类危险货物、超限货物的车辆时，不准超过（  ）km/h。,3,5,15,20,C
1098,《技规》（普速铁路部分）机车、车辆长度的计算，以前后两钩舌内侧面距离按（  ）m为换算单位（一辆），各型机车、车辆按上述换算单位得出的比值，称为换算长度。,11,10,9,8,A
1099,《技规》（普速铁路部分）调车作业在空线上牵引运行时，不准超过40 km/h；推进运行时，不准超过（  ）km/h。,25,30,15,20,B
1100,《技规》（普速铁路部分）接近被连挂的车辆时，不准超过（  ）km/h。,3,5,15,20,B
1101,《技规》（普速铁路部分）在尽头线上调车时，距线路终端应有（  ）的安全距离。,10m,30m,一车,三车,A
1102,《技规》（普速铁路部分）电力机车、动车组在有接触网终点的线路上调车时，应控制速度，距接触网终点标应有（  ）的安全距离。,10m,30m,一车,三车,A
1103,《技规》（普速铁路部分）线路两旁堆放货物，距钢轨头部外侧不得小于（  ）m。,1500,1000,1.5,1,C
1104,《技规》（普速铁路部分）站台上堆放货物，距站台边缘不得小于（  ）m。,1500,1000,1.5,1,D
1105,《技规》（普速铁路部分）手推调车速度不得超过（  ）km/h。,2,3,5,8,B
1106,《技规》（普速铁路部分）（  ）坡度的线路上禁止手推调车（确需手推调车时，须经铁路局批准）。,1.50%,2.50%,1.5‰,2.5‰,D
1107,《技规》（普速铁路部分）动车组调车作业后端操作时，速度不得超过（  ） km/h。,3,5,15,20,C
1108,《技规》（普速铁路部分）接发（  ）时，与接发列车进路没有隔开设备或脱轨器的线路，不准向能进入接发列车进路的方向调车。,旅客列车,军用列车,救援列车,特种车辆,A
1109,《技规》（普速铁路部分）跟踪出站调车最远不得越出站界（  ）。,200M,500M,800M,1000M,B
1110,《技规》（普速铁路部分）安全线及避难线上，禁止停留机车车辆；在超过（  ）‰坡度的线路上，不得无动力停留机车车辆。,1.5,2.5,6,8,C
1111,《技规》（普速铁路部分）在单线上，车站与车站间以（  ）为车站与区间的分界线。,进站信号机柱的中心线,该线上的通过信号机柱的中心线,站界标的中心线,出站信号机柱的中心线,A
1112,《技规》（普速铁路部分）自动闭塞区间同方向相邻的两架色灯信号机间，以(  )为闭塞分区的分界线。,进站信号机柱的中心线,该线上的通过信号机柱的中心线,站界标的中心线,出站信号机柱的中心线,B
1113,《技规》（普速铁路部分）自动闭塞区间通过信号机显示停车信号（包括显示不明或灯光熄灭）时，列车必须在该信号机前停车，停车等候2min，该信号机仍未显示允许运行的信号时，即以遇到阻碍能随时停车的速度继续运行，最高不超过（  ）km/h。,10,15,20,25,C
1114,《技规》（普速铁路部分）（  ）是当基本闭塞法不能使用时所采用的代用闭塞法。,隔时续行法,自动闭塞法,电话闭塞法,自动站间闭塞法,C
1115,《技规》（普速铁路部分）遇列车调度电话不通时，闭塞法的变更或恢复，应由（  ）确认区间空闲后，直接以电话记录办理。,列车调度员,该区间两端站的车站值班员,车站站长,司机,B
1116,《技规》（普速铁路部分）半自动闭塞区段，遇超长列车头部越过出站信号机而未压上出站方面的轨道电路发车时，行车凭证为出站信号机显示的允许运行的信号，并发给司机（  ）。,路票,半自动闭塞发车进路通知书,绿色许可证,调度命令,D
1117,《技规》（普速铁路部分）使用电话闭塞法行车时，列车占用区间的行车凭证为（  ） 。,绿色许可证,路票,出站信号机的进行显示,红色许可证,B
1118,《技规》（普速铁路部分）电话记录号码自每日0时起至24时止，按日循环编号，编号办法（  ）。,在《站细》内规定,由车站值班员自定,有由列车调度员确定,由铁路局规定,D
1119,《技规》（普速铁路部分）车站行车室内一切电话中断，单线行车按书面联络法，双线行车按时间间隔法，列车进入区间的行车凭证均为（  ）。,红色许可证,绿色许可证,路票,出站信号机绿色灯光,A
1120,《技规》（普速铁路部分）双线按时间间隔法行车时，只准发出（  ）。,货物列车,路用列车,旅客列车,正方向的列车,D
1121,《技规》（普速铁路部分）一切电话中断后，连续发出同一方向的列车时，两列车的间隔时间，应按区间规定的运行时间另加3min，但不得少于（  ）。,10min,11min,13min,15min,C
1122,《技规》（普速铁路部分）双线反方向行车使用路票时，应在路票上加盖（  ）。,“反方向行车”章,“反方向”章,“双线反方向”章,“双线反方向行车”章,A
1123,《技规》（普速铁路部分）单线区间的车站，经以闭塞电话、列车调度电话或其他电话呼唤（  ）min无人应答时，由列车调度员查明该站及其相邻区间确无列车（包括单机、大型养路机械及重型轨道车）后，可发布调度命令，封锁相邻区间，按封锁区间办法向不应答站发出列车。,3,5,10,15,B
1124,《技规》（普速铁路部分） 动车组以外的列车运行途中，遇机车信号、列车运行监控装置（轨道车运行控制设备）发生故障时，司机应控制列车运行至前方站停车处理或请求更换机车，在自动闭塞区间，列车运行速度不超过（  ）km/h。,15,20,45,65,B
1125,《技规》（普速铁路部分）旅客列车的尾部标志应使用（  ）。,列尾装置,电灯,吊起尾部软管,不需要,B
1126,《技规》（普速铁路部分）动车组以外的列车运行途中，遇列车无线调度通信设备发生故障时，司机应（  ）报告。,立即停车,在进站信号机外,在运行中,前方站停车,D
1127,《技规》（普速铁路部分）遇天气恶劣，信号机显示距离不足（  ）时，改按天气恶劣难以辨认信号的办法行车。,100m,150m,300m,200m,D
1128,《技规》（普速铁路部分）改按天气恶劣难以辨认信号的办法行车时，列车按（  ）的显示运行。,机车信号,地面信号,出站信号,通过信号,A
1129,《技规》（普速铁路部分）双管供风旅客列车改单管作业应（  ）进行。,就地,在终到站,在区间,在站内,D
1130,《技规》（普速铁路部分）双管改单管作业由（  ）负责。,车站人员,车辆乘务员,机车乘务员,列检人员,B
1131,《技规》（普速铁路部分）动车组一般情况下不得通过半径小于250m的曲线，通过曲线半径为250m曲线时，限速（  ）km/h。,15,20,25,45,A
1132,《技规》（普速铁路部分）动车组不得侧向通过小于（  ）号的单开道岔和小于（  ）号的对称双开道岔。,12、7,12、6,9、6,9、7,C
1133,《技规》（普速铁路部分）动车组回送按（  ）办理，原则上采用自走行方式。,路用列车,旅客列车,货物列车,军用列车,B
1134,《技规》（普速铁路部分）动车组无动力回送时可根据回送技术条件加挂回送过渡车，使用客运机车牵引，回送过渡车须挂于（  ）。,机后第一位,尾部,后部,中部,A
1135,《技规》（普速铁路部分）车站应不间断地接发列车，严格按（  ）行车。,调度命令,阶段计划,列车编组计划,列车运行图,D
1136,《技规》（普速铁路部分）车站值班员在办理闭塞时，应确认（  ）。,接车线空闲,区间空闲,进路空闲,邻站线路空闲,B
1137,《技规》（普速铁路部分）进站信号机外制动距离内，进站方向为超过（  ）‰的下坡道，而接车线末端无隔开设备，禁止办理相对方向同时接车和同方向同时发接列车。,2.5,6,8,12,B
1138,《技规》（普速铁路部分）动车组列车遇特殊情况需变更办理客运业务的固定股道时，须经（  ）准许。,铁路局长,调度所值班主任（值班副主任）,列车调度员,车站值班员,B
1139,《技规》（普速铁路部分）车站值班员应严格按（  ）规定时机开闭信号机。,站细,行规,技规,路局,A
1140,《技规》（普速铁路部分）当超长列车尾部停在警冲标外方，接入相对方向的列车时，在进站信号机外制动距离内进站方向为超过（  ）‰的下坡道，而接车线末端无隔开设备，须使列车在站外停车后，再接入站内。,2.5,6,8,12,B
1141,《技规》（普速铁路部分）在无联锁的线路上接发列车时，车站值班员除严格按接发列车手续办理外，并应将（  ）加锁。,进路上所有道岔,进路上有关道岔,咽喉区全部道岔,进路上无联锁的有关对向道岔及邻线上防护道岔,D
1142,《技规》（普速铁路部分）引导接车时，列车以不超过（  ）速度进站，并做好随时停车的准备。,45km/h,30km/h,20km/h,15km/h,C
1143,《技规》（普速铁路部分）（  ）调车作业可不使用无线调车灯显设备。,列车在到达线路内拉道口、直接后部摘车,调车线倒钩作业,专用线顶送作业,驼峰溜放作业,A
1144,《技规》（普速铁路部分）列车运行，原则上以（  ）为上行，反之为下行。,北上方向,南下方向,开往北京方向,驶离北京方向,C
1145,《技规》（普速铁路部分）站内线路的道岔及车站与其他单位所管线路相衔接的道岔（包括防护道岔），由（  ）负责管理。,车站,工务段,电务段,铁路局,A
1146,《技规》（普速铁路部分）动车组列车由（  ）确认旅客上下完毕后，通知司机关闭车门。,助理值班员,车站值班员,随车机械师,列车长,D
1147,《技规》（普速铁路部分）列车其他原因的临时停车，（  ）应组织司机、车辆乘务员（随车机械师）等查明停车原因，在列车具备运行条件后，由车站按规定发车（动车组列车由车站通知司机开车）。,列车调度员,车站值班员,助理值班员,列车长,B
1148,《技规》（普速铁路部分）进站信号机及线路所通过信号机发生不能关闭的故障时，在将灯光熄灭或遮住以及信号机灭灯时，于夜间应在信号机柱距钢轨顶面不低于（  ）处，加挂信号灯，向区间方面显示红色灯光。,1m,1.5m,2m,2.5,C
1149,《技规》（普速铁路部分）（  ）发生故障时，除按规定交递行车凭证外，对通过列车应预告司机，并显示通过手信号。,进站信号机,出站信号机,通过信号机,遮断信号机,B
1150,《技规》（普速铁路部分）需组织旅客疏散时，车站值班员得到列车调度员准许后，扣停邻线列车并通知司机，（  ）通知有关作业人员办理。,车站值班员,列检人员,司机,列车长,C
1151,《技规》（普速铁路部分）在不得已情况下，列车必须分部运行时，（  ）做好遗留车辆的防溜和防护工作。,调车人员,助理值班员,车站指定人员,司机,D
1152,《技规》（普速铁路部分）遗留车辆停留在超过（  ）‰坡度的线路上时，不准分部运行。,2.5,6,8,12,B
1153,《技规》（普速铁路部分）列车发生火灾、爆炸分隔甩车时，对甩下的车辆，在车站由（  ）负责采取防溜措施。,车站人员,机车乘务员,车辆乘务员,列检人员,A
1154,《技规》（普速铁路部分）列车调度员接到热轴报告后，应按热轴预报等级要求果断处理。必要时，立即安排停车检查（司机应采用常用制动，列车停车后由车辆乘务员负责检查，无车辆乘务员的由司机确认能否继续安全运行）或就近站（  ）。,请求救援,限速运行,停车处理,甩车处理,D
1155,《技规》（普速铁路部分）列车退行速度，不得超过（  ）km/h。,15,20,25,45,A
1156,《技规》（普速铁路部分）动车组列车在区间被迫停车后须返回后方站时，司机根据车站值班员的通知，在动车组列车运行方向（折返）前端操作，运行速度不得超过（  ）km/h，按进站信号机显示进站。,15,20,40,60,C
1157,《技规》（普速铁路部分）救援列车进入封锁区间后，在接近被救援列车或车列（  ）时，要严格控制速度。,500m,1000m,2km,2.5km,C
1158,《技规》（普速铁路部分）救援列车的出发或返回，均应通知（  ）及对方站。,列车调度员,站长,救援列车司机,监控室,A
1159,《技规》（普速铁路部分）多个单位在同一个区间施工时，原则上应分别按规定进行防护，由（  ）负责划分各单位范围及分界。,车站,调度所,施工单位,施工主体单位,D
1160,《技规》（普速铁路部分）使用特定引导手信号接车时，列车以不超过（  ）速度进站。,20km/h,40km/h,60km/h,80km/h,C
1161,《技规》（普速铁路部分）向施工封锁区间开行路用列车，原则上每端只准进入（  ）列。,1,2,3,4,A
1162,《技规》（普速铁路部分）轻型轨道车过岔速度不得超过（  ）km/h。,15,25,40,45,A
1163,《技规》（普速铁路部分）轻型轨道车区间运行最高速度不得超过（  ）km/h。,15,25,40,45,D
1164,《技规》（普速铁路部分）（  ）km/h以上的区段禁止利用列车间隔使用小车。,60,80,120,160,D
1165,《技规》（普速铁路部分）在（  ）地段，单轨小车应面对来车方向在外股钢轨上推行。,单线,双线,多线,指定,B
1166,《技规》（普速铁路部分）在车站内使用装载较重的单轨小车时，须与（  ）办理承认手续。,列车调度员,车站值班员,车站站长,工务负责人,B
1167,《技规》（普速铁路部分）正在检修中的设备需要使用时，须经检修人员同意。检修完毕，检修人员应将其结果记入（  ）。,《行车设备检查登记簿》,《行车设备维修登记簿》,《行车设备施工登记簿》,《行车设备故障登记簿》,C
1168,《技规》（普速铁路部分）车站值班员发现或接到行车设备故障的报告后，应立即通知设备管理单位相关人员，并在（  ）内登记。,《行车设备检查登记簿》,《行车设备维修登记簿》,《行车设备施工登记簿》,《行车设备故障登记簿》,A
1169,《技规》（普速铁路部分）在昼间遇降雾、暴风雨雪及其他情况，致使调车信号及调车手信号显示距离不足（  ）m时，应使用夜间信号。,200,400,800,1000,A
1170,《技规》（普速铁路部分）信号显示方式及使用方法，应按（  ）规定执行。,站细,行规,技规,信号部门,C
1171,《技规》（普速铁路部分）在昼间遇降雾、暴风雨雪及其他情况，致使停车信号显示距离不足（  ）m应使用夜间信号。,200,400,800,1000,D
1172,《技规》（普速铁路部分）在昼间遇降雾、暴风雨雪及其他情况，致使注意或减速信号显示距离不足（  ）m，应使用夜间信号。,200,400,800,1000,B
1173,《技规》（普速铁路部分）进站、出站、进路、调车、驼峰、驼峰辅助信号机均以显示（  ）为定位。,停车信号,注意信号,无显示,进行信号,A
1174,《技规》（普速铁路部分）接近信号机、进站预告信号机、非自动闭塞区段通过信号机的预告信号机及通过臂板，以显示（  ）为定位。,停车信号,注意信号,无显示,进行信号,B
1175,《技规》（普速铁路部分）遮断、遮断预告、复示信号机以（  ）为定位。,停车信号,注意信号,无显示,进行信号,C
1176,《技规》（普速铁路部分）在自动闭塞区段内的车站（线路所），如将进站、正线出站信号机及其直向进路内的进路信号机转为自动动作时，以显示（  ）为定位。,停车信号,注意信号,无显示,进行信号,D
1177,《技规》（普速铁路部分）（  ）是当基本闭塞法不能使用时所采用的代用闭塞法。,隔时续行法,自动闭塞法,电话闭塞法,自动站间闭塞法,C
1178,《技规》（普速铁路部分）从业人员上岗前必须充分休息好，严禁（  ）。,班前、班中饮酒,班前饮酒,班中饮酒,上岗前饮酒,A
1179,《技规》（普速铁路部分）调车指挥人变更调车作业计划，变更（  ）时，必须停车传达(驼峰解散车辆除外)。,作业方法,摘挂辆数,股道,钩数,C
1180,《技规》（普速铁路部分）列车或单机在车站时，所有乘务人员应按（  ）的指挥进行工作。,车站值班员,列车调度员,司机,运转车长,A
1181,《技规》（普速铁路部分）正在检修中的设备需要使用时须经（  ）同意。,信号员,工、电人员,车站值班员,检修人员,D
1182,《技规》（普速铁路部分）单机附挂车辆时，应对列车自动制动机进行（  ）。,全部试验,部分试验,简略试验,持续一定时间的全部试验,C
1183,《技规》（普速铁路部分）如取消发车进路时，应先通知发车人员；如已开放信号或发车人员已通知司机发车，而列车尚未起动时，（  ），再取消发车进路。,还应通知司机,通知发车人员,还应通知司机，收回行车凭证后,通知司机和运转车长,C
1184,《技规》（普速铁路部分）向施工封锁区间开行路用列车时，列车进入封锁区间的行车凭证为（  ）。,调度命令,红色许可证,绿色许可证,路票,A
1185,《技规》（普速铁路部分）推进车辆连挂时，要显示（  ）。,停留车位置信号,减速信号,稍行移动信号,十、五、三车的距离信号,D
1186,《技规》（普速铁路部分）规定推送车辆时，要先（  ）。车列前部应有人瞭望，及时显示信号。,试拉,顿钩,汇报站位,进行人身互控,A
1187,《技规》（普速铁路部分）引导信号应在（  ）越过信号机后及时关闭。,列车头部,列车全部,机车第一轮对,列车第一轮对,A
1188,《技规》（普速铁路部分）进站及接车进路、接发车进路色灯信号机的引导信号显示一个红色灯光及一个月白色灯光——准许列车在该信号机前方不停车，以不超过（  ）km/h速度进站或通过接车进路，并须准备随时停车。,10,15,20,25,C
1189,《行规》（普速铁路部分）集中联锁的道岔所使用的手摇把，应由(  )保管的制度。,车站,工务,电务,供电,A
1190,《行规》（普速铁路部分）集中联锁控制台和现场须保持一致，出现不一致时，原则上按(  )统一编号。,工务资料,电务资料,现场,控制台,D
1191,《行规》（普速铁路部分）非集中联锁区的道岔及股道编号，由工务会同车务（机务、车辆等单位）共同确定，并纳入(  )。,《技规》,《站细》,《行规》,《补规》,B
1192,《行规》（普速铁路部分）中间站利用本务机车调车时，调车作业计划由(  )根据列车调度员布置的计划及预确报进行编制。,助理值班员,调车区长,车站值班员,站调,C
1193,《行规》（普速铁路部分）中间站利用本务机车调车，一批作业计划不超过三钩时，亦应填写(  )。,调车计划,调车作业示意图,班计划,阶段计划,B 
1194,《行规》（普速铁路部分）自动闭塞区段，站间只有一架通过信号机，遇该信号机故障时，应(  )。,停止基本闭塞法，改按电话闭塞法行车,按站间区间掌握行车,按自动闭塞法,封锁区间凭调度命令行车,A
1195,《行规》（普速铁路部分）车站值班员在得到列车调度员关于停用基本闭塞法改按电话闭塞法行车的调度命令，并取得接车站同意接车的电话记录号码，在(  )妥当后，方可填写路票。,接车进路,调度命令签收, 闭塞办理,发车进路准备,D
1196,《行规》（普速铁路部分）电话闭塞法行车时，路票编号应填记在(  )。,《行车日志》第35栏,《运统—46》备注栏,交接班本内,《行车日志》的“记事”栏内,D
1197,《行规》（普速铁路部分）表示牌及安全帽（卡）为车站信号楼（行车室）固定备品，由（     ）根据需要制做。,路局运输处,车站（车务段）,车间（中间站）,行车班组,B
1198,《行规》（普速铁路部分）车站（助理）值班员接发列车原则上应在(  )。,列车运行的右侧,曲线外侧,站台一侧,列车运行的左侧,D
1199,《行规》（普速铁路部分）遇特殊情况需提前解锁延续进路时，车站值班员必须确认列车停妥，按规定破封、补封。具体安全措施在(  )中规定。,《站细》,《行规》,《技规》,车站（车务段）,A
1200,《行规》（普速铁路部分）车站值班员要严格按(  )规定时机开、闭信号。,《技规》,《站细》,《行规》,机务段,B
1201,《行规》（普速铁路部分）有停点的旅客列车，原则上应接入(  )。,到发线,有站台的线路,正线,邻靠基本站台的线路,B
1202,《行规》（普速铁路部分）接发旅客列车临时变更进路必须经过9号道岔侧向时，列车限速不得超过(  )。,45 km/h,30km/h,25 km/h,15 km/h,C
1203,《行规》（普速铁路部分）在办理引导接车时，关于引导员的指派、接车进路的检查及道岔加锁办法，应结合自站情况，在（  ）中具体规定。,《技规》,《站细》,《行规》,其他规章,B
1204,《行规》（普速铁路部分）对停站(  )分钟以上的列车，到开时刻须分别报告。,3,5,8,10,B
1205,《行规》（普速铁路部分）通过时刻：以列车头部(  )的时刻为准。,越过进站信号机,进入接车线,进入区间,通过车站值班员室,D
1206,《行规》（普速铁路部分）发现旅客列车尾部标志灯光熄灭时，车站值班员应及时报告列车调度员，并通知司机转告车辆乘务员（  ）。,在前方停车站处理,在终到站,在列车运行中处理,立即停车处理,A
1207,《行规》（普速铁路部分）接发回送整列客车底列车按(  )办理。,货物列车,路用列车,旅客列车,其他列车,A
1208,《行规》（普速铁路部分）当发现接触网异常，需要电力机车、动车组临时降弓通过时，降弓手信号的位置应设在故障点来车方向距故障点处（       ）(动车组列车、特快旅客列车运行区段距故障点除外)。,150m,300m,200m,100m,A
1209,《行规》（普速铁路部分）对中间挂有游车的跨装货物车辆，通过9号及其以下道岔侧向推送作业时，应匀速推进，速度不得超过(  )。,10km/h,3km/h,7km/h,5km/h,D
1210,《行规》（普速铁路部分）按站间区间办理”是指(  )改按电话闭塞方法办理行车。,半自动闭塞区间,自动闭塞区间,自动站间闭塞区间,基本闭塞区间,B
1211,《行规》（普速铁路部分）自轮运转特种设备由基地成组出入车站，一批作业不超过三钩时，(  )调车作业通知单。,填写,使用,可不使用,必须使用,C
1212,《行规》（普速铁路部分）使用(  )的车站，一批作业不超过三钩（包括变更）可用口头方式或停轮用电台布置（中间站利用本务机车调车除外），有关人员必须复诵。,调车计划,手信号,专用调车机,无线调车灯显设备,D
1213,《行规》（普速铁路部分）非集中区调车作业必须认真执行“(  )”制度。,呼唤应答,联防互控,要道还道,人工确认,C
1214,《行规》（普速铁路部分）在集中区调车作业时，必须凭(  )的显示进行作业。,调车联控,调车信号,调车手信号,人工领车,B
1215,《行规》（普速铁路部分）调车信号机故障时应置于关闭状态或灭灯，车站值班员应通知(  )口头转告司机，按非集中作业办理。,调车长,信号员,助理值班员,连接员,A
1216,《行规》（普速铁路部分）同一线路同方向原则上不准连续放行(  )（包括单机）。,货物列车,调车车列,客车,机车,B
1217,《行规》（普速铁路部分）《出站、跟踪调车通知书》应由(  )填发交给司机。,助理值班员,信号员,调车长,车站值班员,D
1218,《行规》（普速铁路部分）越出站界调车时，《出站、跟踪调车通知书》按(  )计算，不受次数的限制。,时间,钩数,列数,批次,A
1219,《行规》（普速铁路部分）企业机车担当牵引任务的列车和调车列需接入接发旅客列车进路的相邻线路（包括岔区）时，须在旅客列车到达（通过）前(  )到达。,20min,10min,30min,15min,C
1220,《行规》（普速铁路部分）接发旅客列车时，能进入接发列车进路的线路没有(  )，不准企业机车作业。,机车信号,隔开设备,列车运行监控设备,带道人员,B
1221,《行规》（普速铁路部分）车站值班员在办理反方向行车或恢复正方向行车前，须得到(  )的调度命令，两相邻站车站值班员共同确认区间空闲。,站段调度室,路局,调度所值班主任,列车调度员,D
1222,《行规》（普速铁路部分）车站值班员应将列车的发、到时刻通知邻站，记入(  )，并在记事栏内注明“反”字。,《运统-46》,《行车日志》,交接班本内,阶段计划上,B
1223,《行规》（普速铁路部分）双线双方向区段改单线行车时，根据调度命令按(  )掌握行车。,站间区间,所间区间,自动站间闭塞区间,闭塞分区,A
1224,《行规》（普速铁路部分）列车在双线双方向区段反方向运行，当(  )故障时，应停止基本闭塞法，改按电话闭塞法行车。,发车表示器,出站信号机,进路信号机,复示信号机,B
1225,《行规》（普速铁路部分）无双向闭塞设备的双线区间反方向发车或改按单线行车时，须停止基本闭塞法，改按电话闭塞法行车，列车进入区间的行车凭证为(  )。,书面通知,绿色许可证,路票,调度命令,C
1226,《行规》（普速铁路部分）自动闭塞区段，装有容许信号的通过信号机显示停车信号时，准许货物、军用、路用列车不停车，按《技规》第(  )条的规定运行。,310,306,338,316,D
1227,《行规》（普速铁路部分）路票只填写(  )交给司机。路票编号应填记在《行车日志》的“记事”栏内。,二张,一张,三张,四张,B
1228,《行规》（普速铁路部分）停止使用基本闭塞法改为代用闭塞法时，揭挂“(  )”表示牌；,闭塞机停止使用,停基改电,区间占用,电话闭塞,A
1229,《行规》（普速铁路部分）控制台、计算机联锁应急盘上使用的安全帽（卡）的揭挂，由(  )规定并纳入《站细》。,路局 ,站段,车站,车间,C
1230,《行规》（普速铁路部分）车站（助理）值班员接发列车原则上应在列车运行的(  )。,中侧,前侧,右侧,左侧,D
1231,《行规》（普速铁路部分）接车线末端设有延续进路时，(  )原则上不得提前解锁延续进路、排列发车进路。,助理值班员,车站值班员,信号号,值班主任,B
1232,《行规》（普速铁路部分）遇特殊情况需提前解锁延续进路时，车站值班员必须确认列车(  )，按规定破封、补封。具体安全措施在《站细》中规定。,到达,进站,停妥,接近,C
1233,《行规》（普速铁路部分）车站值班员要严格按(  )规定时机开、闭信号。,《调规》,《行规》,《技规》,《站细》,D
1234,《行规》（普速铁路部分）有停点的旅客列车，原则上应接入有站台的线路，变更规定线路接车时，经(  )准许后，可在站外不停车凭进站信号的显示直接接入站内。,列车调度员,车站值班员,值班主任,站长,A
1235,《行规》（普速铁路部分）接发旅客列车临时变更进路必须经过(  )道岔侧向时，列车限速不得超过25 km/h。,7号,9号,6号,12号,B
1236,《行规》（普速铁路部分）当车站满线，但列车已有计划待开（开出后即腾空到发线）时，车站值班员应根据(  )规定的运行时分计算，只要列车开出后，对到达的列车能按照程序办理进站。,班计划,阶段计划,运行图,时刻表,C
1237,《行规》（普速铁路部分）在办理引导接车时，关于引导员的指派、接车进路的检查及道岔加锁办法，应结合自站情况，在(  )中具体规定。,《调规》,《行规》,《技规》,《站细》,D
1238,《行规》（普速铁路部分）报点时，先报列车(  )到开时刻。始发站、终到站还应报早、晚点时分或正点。,实际,图定,指定,计划,A
1239,《行规》（普速铁路部分）使用列车无线调度通信设备发车，遇(  )故障时，须向司机显示发车信号。,通信记录装置,语音记录装置,机车信号,列车运行监控装置,B
1240,《行规》（普速铁路部分）发现旅客列车尾部标志灯光熄灭时，车站值班员应及时报告(  )，并通知司机转告车辆乘务员在前方停车站处理。,值班站长,调度所值班主住,列车调度员,车间主任,C
1241,《行规》（普速铁路部分）接发回送整列客车底列车按(  )办理。,客运列车,小运转列车,区段列车,货物列车,D
1242,《行规》（普速铁路部分）接发超长列车，车站值班员办理闭塞时，发车站将列车(  )通知接车站，接车站按规定时间开放信号。,换长,总长,车次,辆数,A
1243,《行规》（普速铁路部分）接发超长列车，列车停车后，如尾部仍停在警冲标外方或压轨道绝缘时，应按《技规》第(  )条的规定进行防护。,316,358,338,310,B
1244,《行规》（普速铁路部分）因列车运行调整，图定在站技术停车的旅客列车（具体技术停车站由铁路局公布），具备通过条件时，可根据(  )的指示改按通过办理。,车站值班员,站长,列车调度员,客运值班员,C
1245,《行规》（普速铁路部分）发现车辆有抱闸现象时，车站值班员或助理值班员使用电台通知司机：“××次司机，机后××位左右有抱闸现象”，同时报告调度员，并通知(  )。,值班干部,列检,后方站,前方站,D
1246,《行规》（普速铁路部分）绿色（红色）许可证、书面通知、半自动闭塞发车进路通知书及出站、跟踪调车通知书每日自(  )开始更换日期。,零时,18时,8时,6时,A
1247,《行规》（普速铁路部分）(  )单线按区间、双线分上下行各站由1号起依次顺序编号。,绿色许可证,电话记录号码,调度命令,书面通知,B
1248,《行规》（普速铁路部分）行车日志以及调度工作有关的各项报告和统计，均于每日(  )开始更换日期。,0时,6时,18时,8时,C
1249,《行规》（普速铁路部分）车站留存的使用完毕的各种许可证（路票除外），逐日整理月终装订，保管(  )。,1年,3个月,5个月,6个月,D
1250,《行规》（普速铁路部分）车站留存的调度命令按规定保管(  )。,1年,2年,6个月,3个月,A
1251,《行规》（普速铁路部分）车站值班员接到有关人员发现险情的报告后，不得再向该区间放行列车，立即报告(  )，并通知设备管理单位进行检查。,值班干部,列车调度员,监控室,邻站,B
1252,《行规》（普速铁路部分）当区间接触网停电时，不得向该停电区域发出(  )，同时在控制台按钮（计算机联锁应急盘）上揭挂“停电”表示牌。,货物列车,内燃机车,电力机车或动车组,所有列车,C
1253,《行规》（普速铁路部分）当区间有电而站内停电时，在有条件情况下，(  )可以命令向司机预告，使列车降弓滑行进站或通过。,值班干部,助理值班员,车站值班员,列车调度员,D
1254,《行规》（普速铁路部分）当接触网一个供电臂检修和处理故障时，有关站不得开通停电、有电区域之间渡线放行电力机车及动车组（具体在《站细》中规定），(  )需单操锁闭。,渡线道岔,单开道岔,交分道岔,有关道岔,A
1255,《行规》（普速铁路部分）向无接触网线路放行列车前，(  )应与车站值班员共同确认该列车非电力机车牵引（动车组）。,值班干部,列车调度员,助理值班员,站调,B
1256,《行规》（普速铁路部分）接触网天窗停电时电力机车和动车组不准通过的地段，由(  )以停电卡片的形式提供给调度所、车务站段及机务、车辆等有关单位。,车站,车间,供电段,设备部门,C
1257,《行规》（普速铁路部分）接触网停电范围依据停电卡片由调度所以(  )形式下达给有关车站。,其他开式,口头命令,运行提示,调度命令,D
1258,《行规》（普速铁路部分）接触网天窗停电时，在登记站，由(  )在“接触网供电示意图”上用红笔勾画停电范围，施工完了后抹消。,供电驻站人员,车站值班员,助理值班员,值班干部,A
1259,《行规》（普速铁路部分）遇接触网站内或区间停电施工时，在接到施工停电的调度命令后，车站值班员应与(  )对施工地段、作业内容、封锁线路、影响范围再次进行核对。,供电人员,驻站人员,有关人员,值班干部,B
1260,《行规》（普速铁路部分）遇列车无线调度通信设备发生故障时，列车应在前方站停车报告，凭(  )运行。, 绿色许可证,调度命令,调度员指示,值班员命令,B
1261,《行规》（普速铁路部分）有关人员要正确使用和爱护无线通信设备，设备发生故障，及时通知(  )，禁止乱动乱修。,值班干部,供电人员,电务人员,维修单位,D
1262,《行规》（普速铁路部分）“按站间区间办理”：自动闭塞区间改按(  )方法办理行车。,电话闭塞,自动闭塞 ,半自动闭塞,自动站间闭塞,A
1263,《行规》（普速铁路部分）“按站间区间掌握”：在(  )区间由于天气不良和有特殊原因，不改变原闭塞方法，仅改按站间区间间隔放行列车。,电话闭塞,自动闭塞 ,半自动闭塞,自动站间闭塞,B
1264,《行规》（普速铁路部分） “区间空闲”：区间无列车或未被占用，未发出任何(  )。, 绿色许可证,调度命令,行车凭证,路票,C
1265,《行规》（普速铁路部分）为迅速排除接触网故障，充分发挥接触网检修车的作用，必要时可组织(  )。,封锁区间,停基改电,正方向运行,反方向运行,D
1266,《行规》（普速铁路部分）在接触网终点附近作业时，应与接触网终点标保持不少于(  )的安全距离停车。,10m,3m,30m,50m,A 
1267,《行规》（普速铁路部分）当利用正线调车而区间停电时，调车计划中应注明“(  )”字样。,停电,区间停电,接触网停电,站内停电,B
1268,《行规》（普速铁路部分）因水害封闭的线路开通后，工务部门应根据现场情况确定行车速度。第一趟列车不得放行(  )。,直通列车,货物列车,旅客列车,路用列车,C
1269,《行规》（普速铁路部分）货物列车列尾装置主机丢失后，车站值班员应及时报告列车调度员，安排在(  )停车处理。,立即,区间　,本站,前方站,D
1270,《行规》（普速铁路部分）设有双向闭塞设备的自动闭塞区间，遇轨道电路发生故障等情况，需使用总辅助按钮改变闭塞方向时，车站值班员必须确认(  )后，根据列车调度员命令，使用总辅助按钮改变闭塞方向。,区间占用,区间空闲,办妥闭塞,信号开放,B
1271,《行规》（普速铁路部分）使用四显示自动闭塞法行车时，列车进入闭塞分区的行车凭证为出站或通过信号机显示的(  )的信号。,允许运行,绿色灯光,黄色灯光,进行信号,A
1272,《行规》（普速铁路部分）电气化区段不能采用人力制动机防溜时，应使用(  )。,止轮器,手制动机,铁鞋,人力制动机紧固器防溜,D
1273,《行规》（普速铁路部分）电气化区段三等及其以上且配有专用调车机的中间站，在坡度不超过(  )的到发线上停留车辆时，可执行“单防溜”的规定。,1‰,1.5‰,6‰,2.5‰,B
1274,《行规》（普速铁路部分）集中联锁的道岔所使用的手摇把，应存放在指定地点，手摇把的(  )由车务和电务共同商定。,个数,样式,数量,存放地点,C
1275,《行规》（普速铁路部分）手摇把需使用时，应在(  )登记后，方可使用。,《行车设备检查登记簿》,《运统-48》,交接班本内,行车日志,A
1276,《行规》（普速铁路部分）道岔加锁时，车务确认进路正确后，对进路上无联锁的道岔及邻线上无联锁的防护道岔以(  )加锁，加锁完毕通知工务以紧固器紧固。,加锁装置,道岔锁,锁板,勾锁器,D
1277,《行规》（普速铁路部分）集中联锁失效道岔需现场操纵时应在值班员的指示下，切断电源后由(  )用手摇把将道岔转换到所需位置，并达到锁闭。,扳道员或胜任人员,扳道员,胜任人员,助理值班员,A
1278,《行规》（普速铁路部分）机车（指补机、有动力或无动力回送机车）编入列车须有(  )，并应挂于货物列车本务机车次位或列车前部。,调度员指示,调度命令,班计划,阶段计划,B
1279,《行规》（普速铁路部分）轨道起重机重量在 15t及其以下时，如未注明设计速度，回送速度不得超过(  )。, 15km/h,20km/h, 40km/h,30km/h,C
1280,《行规》（普速铁路部分）如因货物原因关门车超过(  )时，有列检作业的列车，由列检人员计算闸瓦压力，并填发制动效能证明书交给司机。,3%,4%,5%,6%,D
1281,《行规》（普速铁路部分）中间站甩挂车辆时，由车站值班员将关门车数及车种通知司机，(  )计算闸瓦压力。,司机,值班员,车号员,列检,A
1282,《行规》（普速铁路部分）回送的车辆原则上挂于最后一辆车前部，如遇技术条件不适合，准在列车尾部连挂(  )，并采取不发生分离的措施。,两辆,一辆,三辆,四辆,B
1283,《行规》（普速铁路部分）货物列车遇加挂的车辆因软管故障等情况，不能安装列尾装置时，凭(  )的命令开车。,车站值班员,值班干部,列车调度员,调度所主任,C  
1284,《行规》（普速铁路部分）遇特殊情况，机车连挂客车底在站无动力停留时，机车司机负责机车端防溜，(  )负责车底另一端防溜。,列检,车站值班员,司机,车站人员,D
1285,《行规》（普速铁路部分）引导进站通过的列车，在闭塞设备、出站信号完好时，闭塞手续办妥后，列车可根据开放的(  )在站内通过。,进站信号,出站信号,手信号,通过信号,B
1286,《行规》（普速铁路部分）到达时刻：以列车实际停于站内接车线(  )以内的时刻为准。超长列车到达时刻，以停于指定地点的时刻为准。,警冲标,出站信号机,信号机绝缘,股道,A
1287,《行规》（普速铁路部分）货场、货物线及超过(  )坡度的线路上原则上不得手推调车。,1.5‰,6‰,2.5‰,3‰,C
1288,《行规》（普速铁路部分） 旅客列车途中甩挂调车作业，车站值班员应通知(  )需进行甩挂作业的列车车次、辆数、股道及作业位置及注意事项等。,列车员,车站客运人员,调车长,调车区长,B
1289,《接发列车作业》单双线电话闭塞无联锁设备（联锁设备失效）车站接车（通过）作业程序:（1）确认区间空闲（2）办理闭塞手续（接受发车预告）（  ）（5）听取开车通知（6）引导接车（7）列车接近（8）接送列车（9）列车到达（通过）（10）开通区间（11）报点。,（3）准备进路（4）检查接车线,（3）检查接车线（4）准备进路,（3）检查接车线（4）进路加锁,（3）布置进路（4）准备进路,B
1290,《接发列车作业》单双线电话闭塞无联锁设备（联锁设备失效）车站发车作业程序：（1）确认区间空闲（  ）（6）确认发车条件（7）发车（8）监视列车（9）解锁进路（10）报点（11）接受到达通知。,（2）准备进路（3）办理闭塞手续（发车预告）（4）办理凭证（5）交付凭证,（2）办理闭塞手续（发车预告）（3）准备进路（4）办理凭证（5）交付凭证,（2）办理闭塞手续（发车预告）（3）准备进路（4）交付凭证（5）办理凭证,（2）办理闭塞手续（发车预告）（3）办理凭证（4）准备进路（5）交付凭证,B
1291,京铁运〔2016〕30号文规定：车站值班员确认接车线路空闲：集中联锁设备或有轨道电路并纳入联锁的车站，应按信号操作终端（  ）确认，不能从设备上确认时应按规定现场确认。,光带,光带或线路占用表示灯,线路占用表示灯,语音,B
1292,京铁运〔2016〕30号文规定：办理旅客列车进路，信号显示正确后，按钮式信号操作终端的车站必须及时在进路始端按钮上加戴红色客车安全帽（  ），列车到达（发出）后摘下。,通过进路为接车进路和发车进路始端按钮同时戴帽,通过进路为通过进路始端按钮戴帽,通过进路为通过进路始端和终端按钮同时戴帽,通过进路为接车进路始端按钮戴帽,A
1293,京铁运〔2016〕30号文规定：各种行车凭证的“站名”及调度命令的“受令车站”须盖站名印，签名处（  ）。,不得盖人名章,盖人名章,不得手写姓名,盖专用章,A
1294,京铁运〔2016〕30号文规定：非集中联锁车站办理停车不超过（  ）的列车，可比照通过列车程序提前准备发车进路，但开放进、出站信号的命令须分别下达，待列车进入接车线警冲标（轨道绝缘）内方停妥后，方可开放出站信号。,3分钟,4分钟,5分钟,2分钟,A
1295,京铁运〔2016〕30号文规定：列车尾部越过接车地点，接发车人员军姿转体面向列车尾部，持旗时为右手拢起的信号旗“前指”，持灯时为左手“剑指”，指向列车尾部标志，确认尾部标志齐全良好后口呼：（  ）。,“尾部标志好”,“尾部标志齐全”,“列尾标志好”,“列尾标志齐全”,A
1296,京铁运〔2016〕30号文规定：助理值班员、扳道员的出、退场时机按《接发列车作业》标准的规定办理，但始发、到开的旅客列车，助理值班员的退场时机为（  ）。,列车尾部越过发车地点,列车出站,列车尾部越过本站台,列车头部越过本站台,C
1297,京铁运〔2016〕30号文规定：6502电气集中联锁控制设备作业人员在排列进路前，须确认（  ），眼看、手指排列进路表示灯，口呼：“灭灯”后，方可顺序按压进路始端按钮和终端按钮。当进路光带点亮，信号复示器开放后，确认进路正确。,表示灯在熄灭状态,排列进路表示灯在点亮状态,排列进路表示灯在熄灭状态,复示器在熄灭状态,C
1298,京铁运〔2016〕30号文规定：6502电气集中联锁控制设备使用“总人解+人工解锁盘按钮”非正常解锁遗留光带时，必须严格落实（  ）制度，杜绝错误操作解锁设备、错误关闭已开放的信号。,确认核对,双人确认核对,双人确认,多人确认核对,B
1299,京铁运〔2016〕30号文规定：采用计算机联锁设备的信号楼（行车室）应在便于作业人员确认的位置设置与车站线路（  ）等行车设备一致的“应急盘”。,包括道岔、信号机及编号,包括股道、信号机及编号,包括股道、道岔、信号机及编号,包括股道、道岔及编号,C
1300,京铁运〔2016〕30号文规定：下列说法错误的有（  ）。,车站值班员接收限速调度命令时，须通知车站值班干部上岗盯控，并与助理值班员（或信号员）、车站值班干部认真核对命令内容和受令处所。,需车站递交（转达）的调度命令，车站值班员（或指派的胜任人员）须在列车出发（通过）前递交（转达）完毕，车站值班员在布置开放出站（发车进路）信号机前，须向列车调度员报告。,有关车站值班干部根据运行揭示调度命令制作《限速提示卡》，内容包括调度命令号、限速地段里程、限速值、限速起止时间、联控用语等，在信号楼（行车室）明示，变化后及时更换。,计算机联锁设备不办理作业时，鼠标箭头要放置在固定位置（信号操作终端空白区域并标注），不准随意触摸鼠标。,B
1301,京铁运〔2016〕30号文规定：下列说法错误的有（  ）。,车站值班员严格按照列车运行图和本区段列车调度员下达的三、四小时列车运行调整计划组织行车。,办理接发列车预告（闭塞）手续时，必须严格对照三、四小时列车运行调整计划，核对列车车次、运行时刻、调度命令、运行方向以及停、通时刻等内容，确认无误后，方可办理。,没有纳入列车运行计划、与列车运行计划不符或对列车运行计划有疑问时，应及时与列车调度员联系确认，严禁盲目办理接发列车手续。,信号员、联控助理值班员必须及时打印并配备列车调度员下达的三、四小时列车运行调整计划（复视电子行车日志的可不打印），在准备接发列车进路前，对照三、四小时列车运行调整计划，认真检查、确认、核对列车车次、列车运行方向，落实“记、过、销”制度，可作为占线簿使用。,D
1302,京铁运〔2016〕30号文规定：多方向车站TDCS车务终端《行车日志》须利用邻站站名功能保持“记事”栏显示列车（  ）的状态。,运行时刻,车次,接车线路,运行方向,D
1303,京铁运〔2016〕30号文规定：值班员办理预告（闭塞）手续及下达接发列车命令时，须认真核对“记事”栏列车运行方向，并以（  ）区别方向，有两个及以上车场或径路时，必须讲明车场或径路。,线名,邻站站名,接车线路,线名或邻站站名,D
1304,京铁运〔2016〕30号文规定：多方向车站信号操纵人员操纵行车设备时，严格执行“一看、二按（点击）、三确认、四呼唤”制度，（  ）。,各动作之间必须有间隔停顿，不得同时进行其他作业,各动作之间必须有间隔停顿,不得同时进行其他作业,各动作之间必须有间隔停顿，可同时进行其他作业,A
1305,京铁运〔2016〕30号文规定：多方向车站防错办安全控制措施规定正确的是（  ）。,开放信号指向决定多方向端接车、发车方向的按钮时，必须得到互控人员确认，发出 “正确”的口令后，方可按压（点击）。,开放信号指向决定多方向端发车方向的按钮时，必须得到互控人员确认，发出 “正确”的口令后，方可按压（点击）。,开放信号指向决定多方向端接车、发车方向的按钮时，必须得到互控人员确认，方可按压（点击）。,开放信号指向决定多方向端接车、发车方向的按钮时，必须得到“正确”的口令后，方可按压（点击）。,A
1306,京铁运〔2016〕30号文规定：车站值班员须根据停电计划了解（  ）。,接触网停电范围,接触网停电范围及安全卡控措施,安全卡控措施,接触网停电时间及安全卡控措施,B
1307,京铁运〔2016〕30号文规定：车站值班员接到接触网停电的调度命令后，须与信号员（同室的助理值班员）共同（  ），无误后在调度命令（调度命令登记簿）上分别签名并注明核对确认时刻。,核对停电卡片、施工登记,核对停电卡片、施工登记，确认停电区域,确认停电区域,核对停电卡片，确认停电区域,B
1308,京铁运〔2016〕30号文规定：未使用防止电力机车进入无电（网）区辅助提示设备的6502联锁设备车站，未设供电驻站人员的由车站值班员负责在“接触网供电示意图”上用红笔勾画（  ）。恢复供电调度命令下达后抹消相关勾画。,接触网停电时间,接触网停电正线,接触网停电范围,接触网停电到发线,C
1309,京铁运〔2016〕30号文规定：未使用多功能电子占线板、TDCS3.0系统的计算机联锁车站在信号操作终端前增加透明揭示板，车站值班员在其上勾画停电区域，防止错误办理。（  ）后抹消相关勾画，摘下透明揭示板。,施工完毕,取消施工,恢复供电调度命令下达,恢复供电,C
1310,京铁运〔2016〕30号文规定：车站值班员接班后，须根据（  ），办理临客完毕后要及时将该车次抹消，交接班重点交接。,日（班）计划、《临客时刻表》和《临客开行明示卡》了解本班临客开行情况，核对无误后在“卡”上临客车次前划“√”,《临客时刻表》和《临客开行明示卡》了解本班临客开行情况，与三、四小时列车运行调整计划核对无误后在“卡”上临客车次前划“√”,日（班）计划、《临客时刻表》和《临客开行明示卡》了解本班临客开行情况，与三、四小时列车运行调整计划核对无误后在“卡”上临客车次前划“√”,日（班）计划、《临客时刻表》和《临客开行明示卡》了解本班临客开行情况，与三、四小时列车运行调整计划核对后在“卡”上临客车次前划“√”,C
1311,京铁运〔2016〕31号文规定：实际坡度超过2.5‰的到发线，原则上不得停放保留列车。遇特殊情况必须在超过2.5‰坡度的线路上停放保留列车时，须经（  ）批准。,调度员,车站值班员,值班干部,调度所值班主任,D
1312,京铁运〔2016〕31号文规定：为防止轨道电路分路不良，保留列车停留时间不得超过（  ）。,1天,36小时,2天,3天,D
1313,京铁运〔2016〕31号文规定：具备条件的车站，应将保留列车停放线路两端道岔扳向开通安全线、牵出线或与正线隔开的位置，并（  ）。,在控制台上单独加戴表示牌,现场加锁,在控制台上单独锁闭并现场加锁,在控制台上单独锁闭,D
1314,京铁运〔2016〕31号文规定：京广、京沪、京哈、京九线保留列车停放时间超过（  ），其它线停放时间超过（  ）的，列车调度员于开车前（  ）通知车辆段调度安排检查车辆，或安排车辆检查人员乘车往返。,72小时、48小时、4小时,48小时、72小时、4小时,72小时、36小时、4小时,72小时、48小时、2小时,A
1315,京铁运〔2016〕31号文规定：封存车辆在车站停留时，具备条件的车站应将线路两端道岔扳向开通安全线、牵出线或与正线隔开的位置，并采取（  ）措施。,控制台单独锁闭,在控制台上单独加戴表示牌,现场加锁,在控制台上单独锁闭并现场紧固,A
1316,京铁运〔2016〕32号文规定：正线、到发线调车作业，二等及以上车站确因作业繁忙，同一咽喉区进路不能一次排通时，（  ）。,严格执行车调联控制度，并通知司机调车信号机开放架数,严格执行盯控制度，并通知司机调车信号机开放架数,严格执行车调联控制度，并通知司机调车信号机号码,严格执行车调联控制度，并通知司机原因,A
1317,京铁运〔2016〕32号文规定：正线、到发线调车作业，二等及其以下集中联锁的车站，（  ）正线返岔子推送作业时，在调车信号开放前（单机除外），执行信号楼（行车室）人员“红键锁闭”制度。,穿越,穿越（占用）,占用,相邻,B
1318,京铁运〔2016〕32号文规定：调车机、单机、自轮运转特种设备在道岔区段运行过程中，遇有特殊原因必须停车时，机车乘务员（自轮运转特种设备驾驶员）必须报告车站值班员，车站值班员必须确认机车（自轮运转设备）停车（  ）。,时间，并密切注意光带变化，不得排列与该占用区段相冲突的调车、列车进路,位置，并密切注意光带变化，不得排列与该占用区段相冲突的调车、列车进路,位置，并密切注意调车计划变化，不得排列与该占用区段相冲突的调车、列车进路,位置，并密切注意光带变化，不得排列与该占用区段相冲突的列车进路,B
1319,京铁师〔2008〕95号文规定：车站轨道电路区段分路不良期间，车站值班员办理有关接发列车或调车作业时，必须做到：办理列车（调车）进路前必须首先通过行车日志或人工确认（  ）。,机车车辆位置,无影响进路的接发列车作业,轨道电路分路不良区段空闲,轨道电路分路不良区段道岔开通位置,C
1320,京铁师〔2008〕95号文规定：车站轨道电路区段分路不良期间，车站值班员办理有关接发列车或调车作业时，必须做到：信号开放后，必须将进路上分路不良区段内道岔（  ）。,现场加锁,现场紧固,单操锁闭,封锁,C
1321,京铁师〔2008〕95号文规定：车站轨道电路区段分路不良期间，车站值班员办理有关接发列车或调车作业时，必须做到：必须在确认（  ）和全部出清分路不良的区段后，方可解除道岔单锁。,列车或机车全部进入或出清分路不良线路,列车或机车、车辆全部进入分路不良线路,列车或机车、车辆全部出清分路不良线路,列车或机车、车辆全部进入或出清分路不良线路,D
1322,京铁师〔2008〕95号文规定：长期停留车辆的站线轨面生锈测试为分路不良的，为防止控制台上失去车辆占用显示，车站值班员可提出要求，（  ）。,电务人员拔掉轨道区段保险。需使用时，车站值班员通知电务人员恢复保险,电务人员拔掉轨道区段保险，双方在“运统—46”，（加封登记）中登记签认。需使用时，车站值班员通知电务人员恢复保险,电务人员拔掉轨道区段保险，双方在“运统—46”，（故障登记）中登记签认。需使用时，车站值班员恢复保险,电务人员拔掉轨道区段保险，双方在“运统—46”，（故障登记）中登记签认。需使用时，车站值班员通知电务人员恢复保险,D
1323,京铁师〔2007〕158号文规定：遇车站TDCS故障不能使用时，车站值班员应（  ）。,及时报告列车调度员，并通知信号工区，同时按规定在运统-46上登记,及时报告列车调度员，同时按规定在运统-46上登记,及时报告列车调度员，并通知信号工区,及时通知信号工区，同时按规定在运统-46上登记,A
1324,京铁运电[2014]239号文规定：遇CTC/TDCS终端车站或区间轨道电路红光带故障，工务人员在得到（  ）不再进行检查处理的通知后，需通知现场检查人员下道终止检查，并确认电务部门已在《行车设备检查登记簿》（故障登记）中按规定消记，方可登记“根据车站值班员（或列车调度员）通知和电务部门登记，××轨道电路红光带CTC/TDCS终端显示错误，信号联锁及区间设备正常，工务终止检查处理。”进行消记。,车站值班员（列车调度员）,车站值班干部,调度监控室人员,车站调度员（站长）,A
1325,京铁运电[2013]691号文规定：普速铁路发现车站或区间非列车占用轨道电路红光带时，车务部门通知（  ）后，按照其登记的放行列车条件组织行车。,工务部门检查，待工务部门检查确认,工务、电务部门检查，待工务、电务部门检查确认,电务部门检查，待电务部门检查确认,工务、电务、电力部门检查，待工务、电务、电力部门检查确认,B
1326,京铁运电[2013]691号文规定：发现区间非列车占用轨道电路红光带时，当（  ）确认具备放行列车条件后，即可放行列车。自动闭塞区间严格执行《技规》第316条等规定。,电务,工务,工务、电务,工务、电务、供电,B
1327,京铁师〔2014〕381号文规定：非汛期车站值班员接到司机严重晃车的报告后，（  ）。,立即报告列车调度员，通知关系车站，并通知工务部门进行检查,立即通知关系车站，并报告列车调度员，通知工务部门进行检查,立即通知关系车站，并通知工务部门进行检查，报告列车调度员,立即报告列车调度员，并通知工务部门进行检查，通知关系车站,C
1328,京铁师〔2014〕381号文规定：非汛期严重晃车后，对后续列车（旅客列车、军用列车除外），列车调度员应发布限速（  ）的调度命令，限速位置按汇报的晃车里程（  ）确定；来不及时，车站值班员应立即通知司机限速（  ）运行，用语为：“XX次，XX站呼叫，xxkm+xxm处严重晃车，（  ）”，直至工务部门检查确认后，按工务登记的条件组织列车运行。,20km/h、前后各加200m、20km/h、前后200m限速20km/h,25km/h、前后各加80m、25km/h、前后80m限速25km/h,25km/h、前后各加200m、25km/h、前后200m限速25km/h,25km/h、前后各加200m、25km/h、限速25km/h,C
1329,京铁师〔2015〕535号文规定：遇集中联锁车站（含线路所）道岔失去表示，车站值班员（CTC中心操作方式时为列车调度员，以下同）进行道岔扳动试验后，确认道岔（  ）时，正常组织有关行车作业。,开通位表示显示正常,定位表示显示正常,反位表示显示正常,定、反位表示均显示正常,D
1330,京铁师〔2015〕535号文规定：集中联锁道岔，遇道岔定、反位中一个位置失去表示，（  ）人员检查确认（  ）设备良好并在运统-46上登记后，车站值班员（列车调度员）可利用道岔表示正常的位置正常组织行车。,电务、电务,供电、工务,公安、电务和工务,工务、工务,D
1331,京铁师〔2014〕577号文规定：自动闭塞区段，CTC/TDCS区间列车占用丢失报警、车站值班员（列车调度员）发现或得到区间列车占用丢失信息时，车站值班员（列车调度员）应（  ）。,立即通知已进入区间的后续列车司机立即停车，不再向该区间放行后续列车，联系占用丢失的列车司机，询问列车位置及现场情况，并通知电务部门进行处理,立即通知已进入区间的后续列车司机立即减速，不再向该区间放行后续列车，联系占用丢失的列车司机，询问列车位置及现场情况，并通知电务部门进行处理,立即通知已进入区间的后续列车司机立即停车，不再向该区间放行后续列车，联系占用丢失的列车司机，询问列车位置，并通知电务部门进行处理,立即通知已进入区间的后续列车司机及占用丢失本列司机立即停车，不再向该区间放行后续列车，联系占用丢失的列车司机，询问列车位置及现场情况，并通知电务部门进行处理,A
1332,京铁师〔2014〕577号文规定：单机在自动闭塞区间紧急制动停车或被迫停在调谐区内时，车站值班员（列车调度员）得到司机的报告后，应立即（  ）。,通知追踪该单机运行的列车停车，并不得再向该区间放行列车,通知追踪该单机运行的列车减速，并不得再向该区间放行列车,通知追踪该单机运行的列车停车，并不得再向该区间放行旅客列车,通知追踪该单机运行的列车减速，并不得再向该区间放行旅客列车,A
1333,京铁师〔2014〕577号文规定：动车组前行列车为（  ）时，动车组按站间区间掌握行车。,重点列车,单机,救援列车,路用列车,B
1334,京铁师〔2014〕577号文规定：区间成段更换钢轨造成轨道电路分路不良，车站值班员确认电务分路不良登记后，立即报告列车调度员，仍按自动闭塞法行车，第一列为单机时，后续首列按（  ）行车。,电话闭塞法,站间区间掌握,站间区间办理,所间区间掌握,B
1335,《车机联控作业》参与车机联控人员配备的列车无线调度通信设备的便携台应保持日常使用性能良好，作业中应能够主动打开同频率的（  ）。,车站台,机车台,车站台或机车台,调度台、车站台或机车台,C
1336,《车机联控作业》列车无线调度通信设备车站台发生故障时，车站值班员应及时通知（  ）和相关维修人员，并按《铁路技术管理规程》规定填写《行车设备检查登记簿》（运统－46），维修人员修复后消记。,电务,机务,铁通,供电,C
1337,《车机联控作业》车站既有的通信记录装置主机部分由（  ）负责，通信记录装置主机电源供电、录音连接线及插头、远程查询电话线及插头由铁通负责。,电务段,通信段,监控室,车务站段,D
1338,《车机联控作业》车站通信记录装置发生故障需要更换设备时，由站段主管科室负责组织更换，更换时间（  ）。,直属站不超过5小时、车务段不超过12小时,直属站不超过6小时、车务段不超过18小时,直属站不超过3小时、车务段不超过18小时,直属站不超过3小时、车务段不超过12小时,D
1339,《车机联控作业》列车无线调度通信设备机车台在运行中发生故障时，列车应（  ）。,"在前方站停车报告,取得调度命令后方可继续运行","立即停车报告,取得调度命令后方可继续运行","在前方站停车报告,取得调度员口头准许后方可继续运行","在前方站停车报告,故障修复或更换机车后方可继续运行",A
1340,《车机联控作业》正常接车车机联控用语（  ）。,"列车司机:“××（站、场）××（次）接近”。
车站值班员:“××（次）××（站、场）×道通过[停车]”。
列车司机:“××（次）×道通过[停车]，司机明白”。
","列车司机:“××（站、场）××（次）接近”。
列车司机:“××（次）×道通过[停车]，司机明白”。
车站值班员:“××（次）××（站、场）×道通过[停车]”。","车站值班员:“××（次）××（站、场）×道通过[停车]”。
列车司机:“××（站、场）××（次）接近”。
列车司机:“××（次）×道通过[停车]，司机明白”。","列车司机:“××（站、场）××（次）接近”。
车站值班员:“××（次）××（站、场）×道通过[停车]，车站值班员明白”。
列车司机:“××（次）×道通过[停车]”。",A
1341,《车机联控作业》正常发车车机联控用语（列车始发或站内停车再开信号开放后)（  ）。,"车站值班员:“XX（次）X道出站[发车进路]信号开放好（了）”。
列车司机:“XX（次）X道出站[发车进路]开放信号好（了），司机明白”。
车站值班员:“XX（次）X道发车”。
列车司机:“XX（次）X道发车，司机明白”。
","车站值班员:“XX（次）X道出站[发车进路]信号好（了）”。
列车司机:“XX（次）X道出站[发车进路]信号好（了），司机明白”。
车站值班员:“XX（次）X道发车”。
列车司机:“XX（次）X道发车，司机明白”。
","车站值班员:“XX（次）X道出站[发车进路]信号好（了）”。
列车司机:“XX（次）X道出站[发车进路]信号好（了），司机明白”。
车站值班员:“XX（次）X道发车”。

","车站值班员:“XX（次）X道出站[发车进路]信号好（了）”。
列车司机:“XX（次）X道出站[发车进路]信号好（了），司机明白”。

",B
1342, 《车机联控作业》车站需取消发车进路车机联控用语，下列表述完整的是（  ）。,"车站值班员:“XX（次）XX（站）需要取消X道发车进路”。
如列车尚未起动，司机不准起动列车并回答车站
列车司机:“XX（站）需要取消X道发车进路，XX（次）司机明白”。

","车站值班员:“XX（次）XX（站）需要取消X道发车进路”。
如列车尚未起动，司机不准起动列车并回答车站
列车司机:“XX（站）需要取消X道发车进路，XX（次）司机明白”。
如列车已经起动，司机回答车站
列车司机:“XX（次）已经起动”。
","车站值班员:“XX（次）XX（站）需要取消X道发车进路”。

如列车已经起动，司机回答车站
列车司机:“XX（次）已经起动”。
","车站值班员:“XX（次）XX（站）需要取消X道发车进路”。
列车司机:“XX（站）需要取消X道发车进路，XX（次）司机明白”。

",B
1343,使用书面凭证发车车机联控用语（  ）。,"
车站值班员:“XX（次）X道发车进路好（了）”。
列车司机:“XX（次）X道发车，司机明白”
","列车司机:“XX（站）XX（次）出站联控”。
车站值班员:“XX（次）X道发车进路好（了）”。

","列车司机:“XX（站）XX（次）出站联控”。
车站值班员:“XX（次）X道发车进路好（了）”。
列车司机:“XX（次）X道发车，司机明白”
","列车司机:“XX（站）XX（次）出站联控”。
车站值班员:“XX（次）X道发车进路准备好（了）”。
列车司机:“XX（次）X道发车，司机明白”
",C
1344," 《车机联控作业》车站主动呼叫司机的作业,车站引导接车车机联控用语（  ）。","车站值班员:“XX（次）XX（站）引导[引导手信号]接车，×道停车[通过]”。
列车司机:“XX（次）XX（站）引导[引导手信号]接车，X道停车[通过]司机明白”。
","车站值班员:“XX（次）XX（站）引导[引导手信号]接车，注意引导信号[引导手信号]”。
列车司机:“XX（次）XX（站）引导[引导手信号]接车，注意引导信号[引导手信号],司机明白”。
","车站值班员:“XX（次）XX（站）引导[引导手信号]接车，×道停车[通过]，注意引导信号[引导手信号]”。
列车司机:“XX（次）XX（站）引导[引导手信号]接车，X道停车[通过]，注意引导信号[引导手信号],司机明白”。
","车站值班员:“XX（次）XX（站）引导[引导手信号]接车，注意×道停车[通过]”。
列车司机:“XX（次）XX（站）引导[引导手信号]接车，注意X道停车[通过]”。
",C
1345," 《车机联控作业》 车站主动呼叫司机的作业,列车直进侧出（固定径路除外）车机联控用语（  ）。","车站值班员:“XX（次）XX（站）X道通过，直进侧出”。
列车司机:“XX（次）X道通过，直进侧出，司机明白”。
","车站值班员:“XX（次）XX（站）X道通过，限速XX公里”。
列车司机:“XX（次）X道通过，限速XX公里，司机明白”。
","车站值班员:“XX（次）XX（站）X道直进侧出，限速XX公里”。
列车司机:“XX（次）X道直进侧出，限速XX公里，司机明白”。
","车站值班员:“XX（次）XX（站）X道通过，直进侧出，限速XX公里”。
列车司机:“XX（次）X道通过，直进侧出，限速XX公里，司机明白”。
",D
1346," 《车机联控作业》 车站主动呼叫司机的作业,旅客列车变更固定接车线路车机联控用语（后方站与司机进行进、出站联控后，预告司机前方站变更接车线路）（  ）。","车站值班员:“XX（次）预告变更X道接车”。
列车司机:“XX(次)XX（站）变更X道接车，司机明白”。
","车站值班员:“XX（次）预告XX（站）变更侧线接车”。
列车司机:“XX(次)XX（站）变更侧线接车，司机明白”。","车站值班员:“XX（次）预告XX（站）变更侧线通过”。
列车司机:“XX(次)XX（站）变更侧线通过，司机明白”。","车站值班员:“XX（次）预告XX（站）变更X道接车”。
列车司机:“XX(次)XX（站）变更X道接车，司机明白”。
",D
1347," 《车机联控作业》 车站主动呼叫司机的作业,旅客列车变更固定接车线路车机联控用语（接车站在列车接近前）（  ）。","车站值班员:“XX（次）XX（站）变更X道通过[停车]，限速XX公里”。
列车司机:“XX（次）XX（站）变更X道通过[停车], 限速XX公里，司机明白”。","车站值班员:“XX（次）XX（站）变更X道通过[停车]”。
列车司机:“XX（次）XX（站）变更X道通过[停车]，司机明白”。
","车站值班员:“XX（次）XX（站）X道通过[停车]，限速XX公里”。
列车司机:“XX（次）XX（站）X道通过[停车], 限速XX公里，司机明白”。","车站值班员:“XX（次）XX（站）变更侧线通过[停车]，限速XX公里”。
列车司机:“XX（次）XX（站）变更侧线通过[停车], 限速XX公里，司机明白”。",A
1348," 《车机联控作业》 车站主动呼叫司机的作业,图定旅客列车在站技术停车变通过车机联控用语（  ）。","车站值班员:“XX（次）司机XX（站）取消技术停车，X道通过”。
列车司机:“XX（次）XX（站）取消技术停车，X道通过，司机明白”。","车站值班员:“XX（次）司机取消技术停车，X道通过”。
列车司机:“XX（次）取消技术停车，X道通过，司机明白”。","车站值班员:“XX（次）司机XX（站）取消停车，X道通过”。
列车司机:“XX（次）XX（站）取消停车，X道通过，司机明白”。","车站值班员:“XX（次）司机XX（站）技术停车变更通过”。
列车司机:“XX（次）XX（站）技术停车变更通过，司机明白”。",A
1349, 《车机联控作业》 遇天气恶劣，信号机显示不足200米时，改按天气恶劣难以辨认信号办法行车时的作业，车站使用列车无线调度通信设备向司机转达调度度命令车机联控用语（  ）。,"车站值班员:“XX（次）司机，调令XX号，XX站至XX站有大雾[大风][暴雨][大雪]按《技规》338条行车”。
列车司机:“按《技规》338条行车，XX（次）司机明白”。","车站值班员:“XX（次）司机，调令XX号，XX站至XX站大雾[大风][暴雨][大雪]按《技规》338条行车”。
列车司机:“按《技规》338条行车，XX（次）司机明白”。","车站值班员:“XX（次）司机，调度命令XX号，XX站至XX站大雾[大风][暴雨][大雪]按《技规》338条行车”。
列车司机:“按《技规》338条行车，XX（次）司机明白”。","车站值班员:“XX（次）司机，调令XX号，XX站至XX站大雾[大风][暴雨][大雪]改按《技规》338条行车”。
列车司机:“改按《技规》338条行车，XX（次）司机明白”。",B
1350, 《车机联控作业》区间一架通过信号机故障，相邻站发车端预告发往该区间的列车司机车机联控用语：（  ）。,"车站值班员:“XX（次）司机，XX（站）至XX（站）间上[下]行XX号通过信号机故障，注意按规定停车和限速”。
列车司机:“XX（站）至XX（站）间上[下]行XX号通过信号机故障，注意按规定停车和限速，XX（次）司机明白”。","车站值班员:“XX（次）司机，XX（站）至XX（站）区间上[下]行XX号通过信号机故障，注意按规定停车和限速”。
列车司机:“XX（站）至XX（站）区间上[下]行XX号通过信号机故障，注意按规定停车和限速，XX（次）司机明白”。","车站值班员:“XX（次）司机，XX（站）至XX（站）区间上[下]行线XX号通过信号机故障，注意按规定停车和限速”。
列车司机:“XX（站）至XX（站）区间上[下]行线XX号通过信号机故障，注意按规定停车和限速，XX（次）司机明白”。","车站值班员:“XX（次）司机，XX（站）至XX（站）区间上[下]行XX号通过信号机故障，注意停车和限速”。
列车司机:“XX（站）至XX（站）区间上[下]行XX号通过信号机故障，注意停车和限速，XX（次）司机明白”。",B
1351, 京铁师〔2012〕755号文规定：危及行车安全需立即抢修时，设备管理单位按规定采取措施，在《行车设备检查登记簿》内登记，普速铁路通过车站值班员报告铁路局列车调度员经（  ），设备管理单位同时通知配合单位和铁路局主管业务处室。,调度所主任批准，发布调度命令进行抢修,调度所值班主任批准，进行抢修,调度所值班主任批准，发布调度命令进行抢修,调度员批准，发布调度命令进行抢修,C
1352, 京铁师〔2012〕755号文规定：施工路用列车跟随列车进入施工区间的行车办法，在自动闭塞区段有计划施工（含接触网检修）时，施工路用列车可跟随最后一趟列车（  ）。,追踪进入区间，待前行列车整列到达前方站后，再封锁区间进行施工作业,按货物列车追踪间隔进入区间，待前行列车整列到达前方站后，再进行施工作业,按货物列车追踪间隔进入区间，待前行列车整列到达前方站后，再封锁区间进行施工作业,按货物列车追踪间隔进入区间，封锁区间进行施工作业,C
1353, 京铁师〔2012〕755号文规定：施工路用列车跟随列车进入施工区间的行车办法，追踪进入区间的路用列车进入区间的行车凭证为出站信号机显示的进行信号。在未接到封锁区间的命令前，按（  ）。,自动站间闭塞法行车，到达指定地点后停车待命,自动闭塞法行车，到达指定地点后即可施工,自动闭塞法行车，进入区间后停车待命,自动闭塞法行车，到达指定地点后停车待命,D
1354, 京铁师〔2012〕755号文规定：施工中区间和站内正线同时封锁施工，（  ）。,咽喉区有作业时须紧固,封锁线路上的有关道岔需加锁,封锁线路上的有关道岔需加锁，咽喉区有作业时还须车务紧固,封锁线路上的有关道岔需加锁，咽喉区有作业时还须紧固,D
1355, 京铁师〔2012〕755号文规定：施工中区间和站内正线同时封锁施工，由站内未封锁线路向封锁区间开行路用列车或路用列车由封锁区间进入站内未封锁线路时，均须按（  ）办理。,列车调度员命令,车站值班员命令,站长命令,施工单位要求,A
1356, 京铁师〔2012〕755号文规定：施工中区间和站内正线同时封锁施工，大型养路机械车组原则上应整列进、出封锁区间。确因作业需要分列进出封锁区间时，须提前（  ）。,制定运行计划，在调度命令中明确，不得随意变更,制定运行计划，不得随意变更,在调度命令中明确，不得随意变更,制定运行计划，调度员口头准许，不得随意变更,A
1357, 京铁师〔2012〕755号文规定：施工中区间和站内正线同时封锁施工，路用列车由区间返回或运行至前方站时，（  ）。,列车须在站外一度停车，凭进站信号或引导（手）信号进站（区间和站内正线同时封锁，路用列车往返运行时除外）,列车须在站外一度停车，司机与车站值班员联控后，凭进站信号或引导（手）信号进站（区间和站内正线同时封锁，路用列车往返运行时除外）,司机与车站值班员联控后，凭进站信号或引导（手）信号进站（区间和站内正线同时封锁，路用列车往返运行时除外）,列车须在站外一度停车，司机与车站值班员联控后，凭进站信号或引导（手）信号进站,B
1358, 京铁师〔2012〕755号文规定：各施工单位影响线路开通使用的作业完毕后，（  ），方可开通线路。,确认满足线路放行列车条件后,确认满足线路放行列车条件后，应及时向车站值班员办理销点手续,应及时向车站值班员办理销点手续,确认满足线路放行列车条件后，应及时向站长办理销点手续,B
1359, 京铁师〔2012〕755号文规定：扰动道床不能预先轧道的线路、道岔施工，开通后第一趟列车不准为（  ）。,回送整列客车底列车,五定班列,旅客列车,特快货物班列,C
1360, 京铁师〔2012〕755号文规定：速度160km/h以上区段，线路、接触网封锁施工开通后，第一趟列车不准为（  ）。,回送整列客车底列车,快速旅客列车,载客动车组列车,特快货物班列,C
1361, 京铁师〔2012〕755号文规定：月度施工计划或电报批准的施工，施工驻站员应于施工前（  ）在车站运统－46（计划施工）上按施工计划确定的日期、时间、项目及影响范围进行登记。车站值班员确认无误后方可向列车调度员请求施工调度命令。,30分钟,40分钟,50分钟,60分钟,D
1362, 京铁师〔2012〕755号文规定：普速铁路维修作业，根据日常检查，需在天窗内安排的点前、点后不需慢行的维修作业，各作业单位在天窗前（  ），由驻站员在车站运统－46（维修天窗）上登记，车站值班员应根据作业单位请求，及时向列车调度员报告。,90分钟,80分钟,70分钟,60分钟,D
1363, 京铁师〔2012〕755号文规定：普速铁路维修作业，车站值班员通过（  ）将调度命令传达给现场施工负责人。,驻站员,电台,轨道车,助理值班员,A
1364, 京铁师〔2012〕755号文规定：综合维修天窗作业时，（  ）办理。,必须凭调度命令,凭调度员口头指示,必须凭车站值班员命令,必须凭站长命令,A
1365, 京铁师〔2012〕755号文规定：综合维修天窗作业完毕，列车调度员接到报告后不再发布施工完毕开通命令（  ），确认区间两端车站均汇报作业完毕后，按规定恢复放行列车。,电气化区段在施工完毕后列车调度员应发布施工完毕命令,电气化区段在施工完毕后列车调度员应发布恢复送电命令,电气化区段在施工完毕后列车调度员应发布施工完毕开通命令,电气化区段在施工完毕后应恢复送电,B
1366, 京铁师〔2012〕755号文规定：故障的行车设备分阶段修复时，设备管理单位有关人员必须严格登记、签认，分阶段确认行车条件或故障影响范围，（  ）以口头通知方式代替书面登记。,可,严禁,应 ,遇特殊情况可,B
1367, 京铁师〔2012〕755号文规定：行车设备发生故障，故障消除后登记时，相关设备管理单位要注明故障发生的原因，未发生设备故障的单位（  ）在运统-46登记签认。,不 ,不要求,也要按规定,禁止,C
1368,京铁师〔2012〕755号文规定：天窗点外上线作业前，驻站联络员在车站运统-46（点外上线）（  ）登记，车站值班员确认后予以签认。作业完毕，驻站联络员在运统-46（点外上线）（  ）相应处销记，车站值班员确认后予以签认。,左页、左页,右页、右页,左页、右页,右页、左页,C