2001,《技规》（普速铁路部分）铁路线路分为（  ）、站线、（  ）、（  ）、（  ）及避难线。,正线,段管线,安全线,岔线,ABCD,,,,,,,,,,,,,,,,,,,,,,,
2002,《技规》（普速铁路部分）规定加锁装置包括（  ）。,锁板,勾锁器,闭止把加锁,带柄标志加锁,ABCD,,,,,,,,,,,,,,,,,,,,,,,
2003,《技规》（普速铁路部分）信号装置一般分为（  ）和（  ）两类。,道岔,信号机,线路,信号表示器,BD ,,,,,,,,,,,,,,,,,,,,,,,
2004,《技规》（普速铁路部分）信号表示器分为道岔、脱轨、进路、（  ）、（  ）、（  ）及（  ）。,发车,发车线路,调车,车挡表示器,ABCD,,,,,,,,,,,,,,,,,,,,,,,
2005,《技规》（普速铁路部分）各种信号机及表示器，在正常情况下的显示距离：（  ）信号机，不得小于800m。,进站,高柱出站,高柱进路,调车,BC,,,,,,,,,,,,,,,,,,,,,,,
2006,《技规》（普速铁路部分）各种信号机及表示器，在正常情况下的显示距离：（  ）信号机，不得小于1000m。,进站,通过,接近,遮断,ABCD,,,,,,,,,,,,,,,,,,,,,,,
2007,《技规》（普速铁路部分）在地形、地物影响视线的地方，（  ）、遮断信号机的显示距离，在最坏的条件下，不得小于200m。,进站,通过,接近,预告,ABCD,,,,,,,,,,,,,,,,,,,,,,,
2008,《技规》（普速铁路部分）信号机按类型分为（  ）。,机车信号机,色灯信号机,出站信号机,臂板信号机,ABD,,,,,,,,,,,,,,,,,,,,,,,
2009,《技规》（普速铁路部分）（  ）和电源可靠的其他车站，采用集中联锁。,编组站,中间站 ,区段站,客运站,AC,,,,,,,,,,,,,,,,,,,,,,,
2010,《技规》（普速铁路部分）联锁设备分为（  ）（计算机联锁和继电联锁）和（  ）（色灯电锁器联锁和臂板电锁器联锁）。,电锁器联锁,集中联锁,非集中联锁,自动联锁,BC,,,,,,,,,,,,,,,,,,,,,,,
2011,《技规》（普速铁路部分）列车（有线）调度电话准许（  ）、（  ）、车辆调度员、机务段（客运段）调度员（值班员）、（  ）、（  ）、供电（电力）调度员、电力牵引变电所值班人员、道口看守员加入通话。,列车调度员,机车（动车组）调度员,客运调度员,车站值班员（车站调度员）,ABCD,,,,,,,,,,,,,,,,,,,,,,,
2012,"《技规》（普速铁路部分）规定行车基本闭塞法采用（  ）三种。  
",电话闭塞法,自动闭塞,自动站间闭塞,半自动闭塞,BCD,,,,,,,,,,,,,,,,,,,,,,,
2013,《技规》（普速铁路部分）规定遇（  ）情况，应停止使用基本闭塞法，改用电话闭塞法行车。,基本闭塞设备发生故障导致基本闭塞法不能使用、自动闭塞区间内两架及以上通过信号机故障或灯光熄灭时；,无双向闭塞设备的双线区间反方向发车或改按单线行车时,发出由区间返回的列车，或发出挂有由区间返回后部补机的列车时；,自动站间闭塞、半自动闭塞区间，由未设出站信号机的线路上发车，或超长列车头部越过出站信号机并压上出站方面轨道电路发车时；,ABCD,,,,,,,,,,,,,,,,,,,,,,,
2014,《技规》（普速铁路部分）自轮运转特种设备包括（  ）等。,架桥机,铺轨机,接触网作业车,大型养路机械,ABCD,,,,,,,,,,,,,,,,,,,,,,,
2015,《技规》（普速铁路部分）车站值班员下达准备接发车进路命令时，必须（  ）和（  ），并要受令人复诵，核对无误。,简明清楚,正确及时,讲清车次,占用线路,ABCD,,,,,,,,,,,,,,,,,,,,,,,
2016,《技规》（普速铁路部分）自轮运转特种设备是在铁路营业线上运行的（  ）及（  ）（包括架桥机、铺轨机、接触网作业车、大型养路机械等）。,铁路轨道车,救援起重机,小电车,铁路施工、维修专用车辆,ABD,,,,,,,,,,,,,,,,,,,,,,,
2017,《技规》（普速铁路部分）（  ）及线路所通过信号机发生故障时，应置于关闭状态。,预告,进站,出站,进路,BCD,,,,,,,,,,,,,,,,,,,,,,,
2018,《技规》（普速铁路部分）规定自动闭塞区段遇（  ）情况需发给司机绿色许可证。,出站信号机故障时发出列车,由未设出站信号机的线路上发出列车,超长列车头部越过出站信号机发出列车,发车进路信号机发生故障时发出列车,ABCD,,,,,,,,,,,,,,,,,,,,,,,
2019,《技规》（普速铁路部分）旅客列车包括（  ）。,动车组列车,特快旅客列车,普通旅客列车,路用列车,ABC,,,,,,,,,,,,,,,,,,,,,,,
2020,《技规》（普速铁路部分）双线电气化铁路实行V形天窗作业时，为确保人身安全，应在（  ）等方面采取相应措施。,设备,机具,照明,作业组织,ABCD,,,,,,,,,,,,,,,,,,,,,,,
2021,《技规》（普速铁路部分）规定自动闭塞区间通过信号机（  ）时，列车必须在该信号机前停车。,显示停车信号,显示不明,容许信号,灯光熄灭,ABD,,,,,,,,,,,,,,,,,,,,,,,
2022,《技规》（普速铁路部分）规定在半自动闭塞区间，遇(  )等情况时，车站值班员确认列车整列到达后，根据列车调度员命令，使用故障按钮，办理人工复原。,接车站轨道电路发生故障,闭塞设备停电后恢复供电,列车因故退回原发车站,出站信号机故障,ABC,,,,,,,,,,,,,,,,,,,,,,,
2023,《技规》（普速铁路部分）规定使用自动站间闭塞法行车时，发车站在办理发车进路前，须做到（  ）。,向接车站预告,确认区间空闲,确认进路道岔位置正确,确认接车站未办理同一区间的发车进路,ABD,,,,,,,,,,,,,,,,,,,,,,,
2024,《技规》（普速铁路部分）规定办理电话闭塞时，（  ）各项应发出电话记录号码，并记入《行车日志》。,承认闭塞,列车到达，补机返回,取消闭塞,单线或双线反方向越出站界调车,ABCD,,,,,,,,,,,,,,,,,,,,,,,
2025,《技规》（普速铁路部分）规定(  )应按列车办理。,单机,大型养路机械,轻型轨道车,重型轨道车,ABD,,,,,,,,,,,,,,,,,,,,,,,
2026,《技规》（普速铁路部分）轨道车等自轮运转特种设备按列车运行时，（  ）应作用良好。,机车信号,轨道车运行控制设备,各种标志,列车无线调度通信设备,BD,,,,,,,,,,,,,,,,,,,,,,,
2027,《技规》（普速铁路部分）动车组以外的列车在运行中（  ）必须全程运转，严禁擅自关机。,机车信号,列车无线调度通信设备,列车运行监控装置,轨道车运行控制设备,ABCD,,,,,,,,,,,,,,,,,,,,,,,
2028,《技规》（普速铁路部分）规定动车组不得侧向通过（  ）。,小于9号的单开道岔,12号单开道岔,7号三开道岔,小于6号的对称双开道岔,AD,,,,,,,,,,,,,,,,,,,,,,,
2029,《技规》（普速铁路部分）接发列车时，车站值班员应亲自（  ）。,办理闭塞,布置进路（包括听取进路准备妥当的报告）,开闭信号,交接凭证,ABCD,,,,,,,,,,,,,,,,,,,,,,,
2030,《技规》（普速铁路部分）规定接发列车应在（  ）上办理。,安全线,正线,到发线,调车线,BC,,,,,,,,,,,,,,,,,,,,,,,
2031,《技规》（普速铁路部分）规定（  ）信号机不能使用时，应开放引导信号。,出站 ,信号复示灯,进站,接车进路,CD,,,,,,,,,,,,,,,,,,,,,,,
2032,《技规》（普速铁路部分）规定(  )或（  ）时，应派引导人员接车。,电务登记,信号机红灯,引导信号不能开放,无进站信号机,CD,,,,,,,,,,,,,,,,,,,,,,,
2033,《技规》（普速铁路部分）规定进路上无联锁的分动外锁闭道岔无论对向或顺向，均应对(  )加锁。,密贴尖轨,斥离尖轨,可动心轨,辙叉,ABC,,,,,,,,,,,,,,,,,,,,,,,
2034,《技规》（普速铁路部分）规定动车组以外的列车在车站发车前，（  ）后车站值班员（助理值班员）方可显示发车信号。    ,发车进路准备妥当,行车凭证已交付,出站（进路）信号机已开放,发车条件完备,ABCD,,,,,,,,,,,,,,,,,,,,,,,
2035,《技规》（普速铁路部分）规定下列情况列车不准分部运行（  ）。,采取措施后可整列运行时,对遗留车辆未采取防护、防溜措施时,遗留车辆无人看守时,遗留车辆停留在超过6‰坡度的线路上时,ABCD,,,,,,,,,,,,,,,,,,,,,,,
2036,《技规》（普速铁路部分）规定发现客车（  ）的情况时，须立即采取停车措施。,车辆轮轴故障,车体下沉（倾斜）,车辆剧烈振动,安全监控系统报警,ABC,,,,,,,,,,,,,,,,,,,,,,,
2037,《技规》（普速铁路部分）规定下列情况列车不准退行（  ）。,按自动闭塞法运行时（列车调度员或后方站车站值班员确认该列车至后方站间无列车，并准许时除外）,在降雾、暴风雨雪及其他不良条件下，难以辨认信号时,按半自动闭塞法行车时,一切电话中断后发出的列车（持有附件3通知书2的列车除外）,ABD,,,,,,,,,,,,,,,,,,,,,,,
2038,《技规》（普速铁路部分）在事故调查组人员到达前，（  ）或（  ）应随乘发往事故地点的第一列救援列车。,电务人员,工务人员,胜任人员,站长,CD,,,,,,,,,,,,,,,,,,,,,,,
2039,《技规》（普速铁路部分）车站值班员接到（  ）或（  ）等人员的救援请求后，应立即报告列车调度员。,司机,工务,电务,供电,ABCD,,,,,,,,,,,,,,,,,,,,,,,
2040,《技规》（普速铁路部分）未得到后方站（线路所）车站值班员准许，不得退行到车站的最外方（  ）或（  ）（双线区间为邻线预告标或特设的预告标）的内方。,预告标,预告信号机,进站信号机,通过信号机,AB,,,,,,,,,,,,,,,,,,,,,,,
2041,《技规》（普速铁路部分）有计划的施工，涉及（  ）或（  ）时应发布运行揭示调度命令，司机按运行揭示调度命令执行。,停机改电,限速,行车方式发生变化,设备变化时,BCD,,,,,,,,,,,,,,,,,,,,,,,
2042,《技规》（普速铁路部分）电动转辙机手摇把，要实行（  ），建立登记签认制度。集中操纵道岔的清扫分工由铁路局规定。,统一装箱,统一编号,集中管理,电务、车务加锁,BC,,,,,,,,,,,,,,,,,,,,,,,
2043,《技规》（普速铁路部分）规定动车组列车在区间被迫停车后须返回后方站时，车站值班员确认(  )通知司机返回。,动车组列车至后方站间已空闲后,邻站未发出列车,区间空闲,经列车调度员同意,AD,,,,,,,,,,,,,,,,,,,,,,,
2044,《技规》（普速铁路部分）规定救援列车的（  ）均应通知列车调度员及对方站。,出发,司机姓名,速度,返回,AD,,,,,,,,,,,,,,,,,,,,,,,
2045,《技规》（普速铁路部分）开往事故现场（  ）的列车，应优先办理。,抢修,救援,施工,抢救,ABD,,,,,,,,,,,,,,,,,,,,,,,
2046,《技规》（普速铁路部分）规定向施工封锁区间开行路用列车，调度命令中应包括（  ）。,列车车次,停车地点,到达车站的时刻,开车时刻,ABC,,,,,,,,,,,,,,,,,,,,,,,
2047,《技规》（普速铁路部分）规定小车是指（  ）等。,轨道检查仪,钢轨探伤仪,单轨小车,吊轨小车,ABCD,,,,,,,,,,,,,,,,,,,,,,,
2048,《技规》（普速铁路部分）规定使用各种小车时，（  ）。,负责人应了解列车运行情况,按规定进行防护,保证能在列车到达前撤出线路以外,在车站内使用装载较重的单轨小车时，须与车站值班员办理承认手续,ABCD,,,,,,,,,,,,,,,,,,,,,,,
2049,《技规》（普速铁路部分）规定对（  ）严禁进行检修作业。,处于闭塞状态的闭塞设备,故障行车设备,办理进路后处于锁闭状态的信号、联锁设备,正常行车设备,AC,,,,,,,,,,,,,,,,,,,,,,,
2050,《技规》（普速铁路部分）规定听觉信号包括（  ）。,号角发出的音响,口笛发出的音响,响墩发出的音响,机车、自轮运转特种设备的鸣笛声,ABCD,,,,,,,,,,,,,,,,,,,,,,,
2051,《技规》（普速铁路部分）规定在昼间遇降雾、暴风雨雪及其他情况，致使（  ）应使用夜间信号。,停车信号显示距离不足1000m,注意或减速信号显示距离不足400m,调车信号显示距离不足200m时,调车手信号显示距离不足200m时,ABCD,,,,,,,,,,,,,,,,,,,,,,,
2052,《技规》（普速铁路部分）相对方向不能同时接车时，应先接（  ）、（  ）或（  ）。,客车,不适于在站外停车的列车,停车后起动困难的列车,后面有续行列车的列车,BCD,,,,,,,,,,,,,,,,,,,,,,,
2053,《技规》（普速铁路部分）（  ）和通过信号机的灯光熄灭、显示不明或显示不正确时，均视为停车信号。,出站,进站,预告,进路,ABD,,,,,,,,,,,,,,,,,,,,,,,
2054,《技规》（普速铁路部分）在站内无空闲线路的特殊情况下，只准许接入为（  ）等所需要的救援列车、不挂车的单机及重型轨道车。,事故救援,单机,排除故障,疏解车辆,ACD,,,,,,,,,,,,,,,,,,,,,,,
2055,《技规》（普速铁路部分）规定(  )以显示停车信号为定位。,进站,出站,进路,调车,ABCD,,,,,,,,,,,,,,,,,,,,,,,
2056,《技规》（普速铁路部分）规定（  ）当机车或车辆第一轮对越过该信号机后自动关闭。,集中联锁车站出站信号机,集中联锁车站的进站信号机,集中联锁车站进路进路信号机,通过信号机,ABCD,,,,,,,,,,,,,,,,,,,,,,,
2057,《技规》（普速铁路部分）规定驼峰控制台或显示屏上应有（  ）。,信号机的显示状态,道岔位置,轨道电路区段的占用情况,邻接联锁区的有关表示,ABCD,,,,,,,,,,,,,,,,,,,,,,,
2058,《技规》（普速铁路部分）规定装设驼峰道岔自动集中时，控制台或显示屏上应有(  ) 和的表示。半自动化、自动化驼峰控制台或显示屏上应有自动控制设备的相应表示。,车种车数,车组顺序,进路去向,货物类别,BC,,,,,,,,,,,,,,,,,,,,,,,
2059,《技规》（普速铁路部分）规定设推峰机车遥控的驼峰应在控制台或显示屏上表示出(  )。,机车实际速度,推峰股道,机车动作状态,停留车位置,ABC,,,,,,,,,,,,,,,,,,,,,,,
2060,《技规》（普速铁路部分）规定利用本务机车进行调车作业时，可由（  ）担任指挥工作。,车站人员,车站值班员,助理值班员,连结员,BC,,,,,,,,,,,,,,,,,,,,,,,
2061,《技规》（普速铁路部分）规定调车作业必须做好哪些准备（  ）。,提前排风、摘管，核对计划，确认进路，检查线路、道岔（集中联锁区除外）、停留车及车辆防溜等情况,人力制动机的选闸、试闸，系好安全带,准备足够的良好制动铁鞋和防溜器具,无线调车灯显设备试验良好,ABCD,,,,,,,,,,,,,,,,,,,,,,,
2062,《技规》（普速铁路部分）规定驼峰解散车辆，只变更（  ）时，可不通知司机，但调车机车变更为下峰作业或向禁溜线送车前，须通知司机。,钩数,辆数,作业方法,股道,ABD,,,,,,,,,,,,,,,,,,,,,,,
2063,《技规》（普速铁路部分）规定禁止溜放的车辆（  ）。,装有禁止溜放货物的车辆,铁路救援起重机,客车,试验车,ABCD,,,,,,,,,,,,,,,,,,,,,,,
2064,《技规》（普速铁路部分）规定禁止溜放的车辆（  ）。,大型养路机械,特种用途车,乘坐旅客的车辆,发电车,ABCD,,,,,,,,,,,,,,,,,,,,,,,
2065,《技规》（普速铁路部分）规定禁止溜放的车辆（  ）。,机械冷藏车,凹型车,非工作机车,罐车,ABC,,,,,,,,,,,,,,,,,,,,,,,
2066,《技规》（普速铁路部分）规定禁止溜放的车辆（  ）。,大型养路机械,落下孔车,行包车,检衡车,ABD,,,,,,,,,,,,,,,,,,,,,,,
2067,《技规》（普速铁路部分）规定禁止溜放的线路（  ）。,停有动车组的线路,超过2.5‰坡度的线路（为溜放调车而设的驼峰和牵出线除外）,停有正在进行技术检查作业车辆的线路,无人看守道口的线路,ABCD,,,,,,,,,,,,,,,,,,,,,,,
2068,《技规》（普速铁路部分）规定禁止溜放的线路（  ）。,停有正在进行修理作业车辆的线路,停有装载爆炸品车辆的线路,乘坐旅客的车辆及停有该车辆的线路,停有乘坐旅客车辆的线路,ABCD,,,,,,,,,,,,,,,,,,,,,,,
2069,《技规》（普速铁路部分）规定禁止溜放的线路（  ）。,停有装载气体类危险货物车辆的线路,停有正在进行装卸作业车辆的线路,停留车辆未防溜的线路,货物线,AB,,,,,,,,,,,,,,,,,,,,,,,
2070,《技规》（普速铁路部分）规定（  ）上，禁止停留机车车辆。,安全线,避难线,正线,到发线,AB,,,,,,,,,,,,,,,,,,,,,,,
2071,《技规》（普速铁路部分）规定（  ）必须停放在固定的线路上。,装载爆炸品的车辆,装载气体类危险货物的车辆,救援列车,公务车,ABC,,,,,,,,,,,,,,,,,,,,,,,
2072,《技规》（普速铁路部分）规定停留（  ）线路两端道岔应扳向不能进入该线的位置并加锁。,装载爆炸品的车辆,装载气体类危险货物的车辆,救援列车,公务车,ABCD,,,,,,,,,,,,,,,,,,,,,,,
2073,《技规》（普速铁路部分）列车运行是以（  ）所划分的区间及自动闭塞区间的通过信号机所划分的闭塞分区作间隔。,车站,线路所,区间,闭塞分区,AB,,,,,,,,,,,,,,,,,,,,,,,
2074,《技规》（普速铁路部分）在半自动闭塞区间，遇（  ）等情况时，车站值班员确认列车整列到达后，根据列车调度员命令，使用故障按钮，办理人工复原，并在《行车设备检查登记簿》内登记。,接车站轨道电路发生故障,闭塞设备停电后恢复供电,列车因故退回原发车站,列车到达,ABC,,,,,,,,,,,,,,,,,,,,,,,
2075,《技规》（普速铁路部分）路票应由（  ）或指定的（  ）填写。,信号员,站长,车站值班员,助理值班员,CD,,,,,,,,,,,,,,,,,,,,,,,
2076,《技规》（普速铁路部分）规定道岔开通手信号的显示方式(  )。,拢起的黄色信号旗高举头上左右摇动,白色灯光高举头上,展开的黄色信号旗高举头上左右摇动,黄色灯光高举头上左右摇动,AB,,,,,,,,,,,,,,,,,,,,,,,
2077,《技规》（普速铁路部分）下列情况，禁止手推调车（  ）。,在正线、到发线及超过2.5‰坡度的线路上（确需手推调车时，须经铁路局批准）；,在停有动车组的线路上；,遇暴风雨雪或夜间无照明时；,装有爆炸品、气体类危险货物的车辆；,ABCD,,,,,,,,,,,,,,,,,,,,,,,
2078,《技规》（普速铁路部分）遇下列情况，禁止跟踪出站调车（  ）。,一切电话中断,动车组调车作业,降雾、暴风雨雪时,出站方向区间内有瞭望不良的地形或有长大上坡道（站名表由铁路局公布）,ABCD,,,,,,,,,,,,,,,,,,,,,,,
2079,《技规》（普速铁路部分）调车作业必须做好下列准备（  ）。,提前排风、摘管,核对计划,确认进路,检查线路、道岔（集中联锁区除外）、停留车及车辆防溜等情况,ABCD,,,,,,,,,,,,,,,,,,,,,,,
2080,《技规》（普速铁路部分）遇有（  ）和货物列车列尾装置灯光熄灭等情况，应通知接车站。,超长,超限列车,制动力部分切除的动车组列车,单机挂车,ABCD,,,,,,,,,,,,,,,,,,,,,,,
2081,《技规》（普速铁路部分）机械冷藏车组应尽量挂于货物列车（  ）或（  ）。,中部,前部,后部,尾部,AC,,,,,,,,,,,,,,,,,,,,,,,
2082,《技规》（普速铁路部分）工作机车应挂于列车头部，正向运行（  ）的机车除外）；无转向设备的，可逆向运行。,路用,救援列车,牵引小运转,货物列车,ABC,,,,,,,,,,,,,,,,,,,,,,,
2083,《技规》（普速铁路部分）单机挂车不准挂（  ）的车辆。,行包,集装箱,装载爆炸品,超限货物,CD,,,,,,,,,,,,,,,,,,,,,,,
2084,《技规》（普速铁路部分）动车组无动力回送或被救援时，（  ）的安装与拆卸由随车机械师负责，司机配合。,过渡车钩,专用风管,电气连接线,手制动机,AB,,,,,,,,,,,,,,,,,,,,,,,
2085,《技规》（普速铁路部分）接发旅客列车时，与接发列车进路没有（  ）或（  ）的线路，不准向能进入接发列车进路的方向调车。,道岔,隔开设备,脱轨器,警冲标,BC,,,,,,,,,,,,,,,,,,,,,,,
2086,《技规》（普速铁路部分）在（  ）上调车时，要经过车站值班员的准许。在接发列车时，应按《站细》规定的时间，停止影响列车进路的调车作业。,货物线,正线,安全线,到发线,BD,,,,,,,,,,,,,,,,,,,,,,,
2087,《技规》（普速铁路部分）接发列车时，接发车人员应携带（  ），站在规定地点接送列车。,按规定着装,列车无线调度通信设备,佩戴标志,持手信号旗（灯）,BD,,,,,,,,,,,,,,,,,,,,,,,
2088,《技规》（普速铁路部分）列车（  ）和（  ）时，接发车人员应及时向车站值班员报告列车进出站的情况（能从设备上确认的除外）。,车机联控,接近车站,进站,出站,BCD,,,,,,,,,,,,,,,,,,,,,,,
2089,《技规》（普速铁路部分）（  ）车辆必须停放在固定的线路上。,装载爆炸品的车辆,装载气体类危险货物,装载跨装货物,救援列车,ABD,,,,,,,,,,,,,,,,,,,,,,,
2090,《技规》（普速铁路部分）列车编组计划的编制，应在加强货流组织的基础上，最大限度地组织（  ）运输，合理分配各编组站、区段站的中转工作，减少列车改编次数。,成组,快速,直通,直达,AD,,,,,,,,,,,,,,,,,,,,,,,
2091,《技规》（普速铁路部分）行车工作必须坚持（  ）的原则。,集中领导,统一指挥,高度协作,逐级负责,ABD,,,,,,,,,,,,,,,,,,,,,,,
2092,《技规》（普速铁路部分）旅客列车包括（  ）。,动车组列车,特快旅客列车,快速旅客列车,普通旅客列车,ABCD,,,,,,,,,,,,,,,,,,,,,,,
2093,《技规》（普速铁路部分）（  ）通过时应在正线办理，其他通过列车原则上应在正线办理。,货物列车,动车组列车,军用列车,特快旅客列车,BD,,,,,,,,,,,,,,,,,,,,,,,
2094,《技规》（普速铁路部分）动车组列车在车站办理客运业务时，须（  ）。,固定接发车人员,固定股道,固定站台,固定停车位置,BCD,,,,,,,,,,,,,,,,,,,,,,,
2095,《技规》（普速铁路部分）旅客列车仅在正方向区间的线路（  ）等特殊情况下，经铁路局调度所值班主任准许，方可反方向运行。,封锁施工,发生自然灾害,因事故中断行车,列车过于密集,ABC,,,,,,,,,,,,,,,,,,,,,,,
2096,《技规》（普速铁路部分）车站按技术作业分为（  ）。,编组站,区段站,中间站,非营业站,ABC,,,,,,,,,,,,,,,,,,,,,,,
2097,《技规》（普速铁路部分）《站细》的主要内容应有（  ）等。,车站技术设备的使用、管理,接发列车、调车以及与行车有关的运输工作的组织,列车的技术作业程序和时间标准,作业计划的编制、执行制度,ABCD,,,,,,,,,,,,,,,,,,,,,,,
2098,《技规》（普速铁路部分）道岔除（  ）时外，均须保持定位。,使用,清扫,检查,修理,ABCD,,,,,,,,,,,,,,,,,,,,,,,
2099,《技规》（普速铁路部分）列车应按《技规》、列车编组计划和列车运行图规定的（  ）编组。,编挂条件,车组,重量,长度,ABCD,,,,,,,,,,,,,,,,,,,,,,,
2100,《技规》（普速铁路部分）下列（  ）机车车辆禁止编入列车。,插有扣修、倒装色票的及车体倾斜超过规定限度的；,装载货物超出机车车辆限界，无挂运命令的；,装载跨装货物（跨及两平车的汽车除外）的平车，无跨装特殊装置的；,平车及敞车装载货物违反装载和加固技术条件的；,ABCD,,,,,,,,,,,,,,,,,,,,,,,
2101,《技规》（普速铁路部分）下列（  ）机车车辆禁止编入列车。,未关闭侧开门、底开门以及平车未关闭端、侧板的（有特殊规定者除外）；,由于装载的货物需停止自动制动机的作用，而未停止的；,企业自备机车、车辆、自轮运转特种设备和城市轨道车辆、进出口机车车辆过轨时，未经铁路机车车辆人员检查确认的；,缺少车门的（检修回送车除外）；,ABCD,,,,,,,,,,,,,,,,,,,,,,,
2102,《技规》（普速铁路部分）铁路信号分为（  ）和（  ）。,出站信号机,视觉信号,听觉信号,发车信号,BC,,,,,,,,,,,,,,,,,,,,,,,
2103,《技规》（普速铁路部分）视觉信号分为（  ）及（  ）信号。,昼间,出站,夜间,昼夜通用,ACD,,,,,,,,,,,,,,,,,,,,,,,
2104,《技规》（普速铁路部分）各种信号机和表示器的（  ）和（  ），必须符合国家标准、铁道行业标准及铁路总公司规定的标准。,样式,灯光排列,颜色,外形尺寸,BCD,,,,,,,,,,,,,,,,,,,,,,,
2105,《技规》（普速铁路部分）铁路职工或其他人员发现设备故障危及行车和人身安全时，应立即向开来列车发出停车信号，并迅速通知就近（  ）或（  ）。,车站,工务,电务,供电人员,ABCD,,,,,,,,,,,,,,,,,,,,,,,
2106,《技规》（普速铁路部分）列车重量应根据（  ）、（  ）及其设备条件确定。,列车长度,机车牵引力,区段内线路状况,机车长度,BC,,,,,,,,,,,,,,,,,,,,,,,
2107,《技规》（普速铁路部分）司机接到救援命令后，必须认真确认。（  ）时，不准动车。,命令不清,站长未上车,停车位置不明确,未执行车机联控,AC,,,,,,,,,,,,,,,,,,,,,,,
2108,《技规》（普速铁路部分）行车有关人员，接班前须（  ），（  ），如有违反，立即停止其所承担的任务。,充分休息,严禁饮酒,做好准备,规定着装,AB,,,,,,,,,,,,,,,,,,,,,,,
2109,《技规》（普速铁路部分）（  ）及（  ）区段，正线上的出站信号机未开放时，进站信号机不能开放通过信号。,半自动闭塞,自动站间闭塞,三显示自动闭塞,自动闭塞,ABC,,,,,,,,,,,,,,,,,,,,,,,
2110,《技规》（普速铁路部分）单机挂车时，应遵守下列规定（  ）。,连挂前按规定彻底检查货物装载状态，并将编组顺序表和货运单据交与司机；,在区间被迫停车后的防护工作由机车乘务组负责，开车前应确认附挂辆数和制动主管贯通状态是否良好；,列车调度员应严格掌握，不得影响机车固定交路和乘务员劳动时间；,不准挂装载爆炸品、超限货物的车辆。,ABCD,,,,,,,,,,,,,,,,,,,,,,,
2111,《技规》（普速铁路部分）货物列车编挂关门车，下列说法正确的是（  ）。,关门车不得挂于机车后部三辆车之内；,在列车中连续连挂不得超过两辆；,列车最后一辆不得为关门车；,列车最后第二、三辆不得连续关门。,ABCD,,,,,,,,,,,,,,,,,,,,,,,
2112,《技规》（普速铁路部分）动车组以外的列车自动制动机遇哪些情况应进行简略试验（  ）。,更换机车或更换机车乘务组时；,无列检作业的始发列车发车前；,列车软管有分离情况时；,列车停留超过20min时；,ABCD,,,,,,,,,,,,,,,,,,,,,,,
2113,《技规》（普速铁路部分）货物列车在站简略试验，下列说法正确的是（  ）。,有列检作业的由列检人员负责，,无列检作业的由车辆乘务员负责，,无车辆乘务员的由车站人员负责。,挂有列尾装置的列车由司机负责,ABCD,,,,,,,,,,,,,,,,,,,,,,,
2114,《技规》（普速铁路部分）下列属于长大下坡道的为（  ）。,线路坡度超过3‰，长度为10km及以上。,线路坡度超过6‰，长度为8km及以上；,线路坡度超过12‰，长度为5km及以上；,线路坡度超过20‰，长度为2km及以上。,BCD,,,,,,,,,,,,,,,,,,,,,,,
2115,《技规》（普速铁路部分）动车组以外的列车自动制动机遇哪些情况应进行简略试验（  ）。,客列检作业后和旅客列车始发前；,机车改变司机室操纵时；,单机附挂车辆时；,列车进行摘、挂作业开车前。,ABCD,,,,,,,,,,,,,,,,,,,,,,,
2116,《技规》（普速铁路部分）在一切电话中断时间内，如有（  ）或（  ）时，由接到请求的车站值班员以书面通知封锁区间的相邻车站。,停电施工,封锁区间抢修施工,开通封锁区间,非正常行车,BC,,,,,,,,,,,,,,,,,,,,,,,
2117,《技规》（普速铁路部分）遇天气恶劣，信号机显示距离不足200m时，（  ）或（  ）须立即报告列车调度员。,信号员,司机,车站值班员,助理值班员,BC,,,,,,,,,,,,,,,,,,,,,,,
2118,《技规》（普速铁路部分）单线区间的车站，经以（  ）或（  ）呼唤5min无人应答时，由列车调度员查明该站及其相邻区间确无列车后，可发布调度命令，封锁相邻区间，按封锁区间办法向不应答站发出列车。,扳道电话,闭塞电话,列车调度电话,其他电话,BCD,,,,,,,,,,,,,,,,,,,,,,,
2119,《技规》（普速铁路部分）（  ）不准编挂货车，编入的客车车辆最高运行速度等级必须符合该列车规定的速度要求。,货物列车,旅客列车,小运转列车,回送客车底,AD,,,,,,,,,,,,,,,,,,,,,,,
2120,《技规》（普速铁路部分）引向（  ）的道岔，为安全线、避难线开通的位置。,货物线,安全线,避难线,尽头线,BC,,,,,,,,,,,,,,,,,,,,,,,
2121,《技规》（普速铁路部分）行车有关人员，在（  ）前，必须按照铁路职业技能培训规范要求，进行拟任岗位资格性培训，并经职业技能鉴定和考试考核，取得相应职业资格证书和岗位培训合格证书后，方可任职。,任职,上岗,提职,改职,ACD,,,,,,,,,,,,,,,,,,,,,,,
2122,《技规》（普速铁路部分）动车组以外的列车自动制动机遇哪些情况应进行全部试验（  ）。,货车列检对解体列车到达后施行一次到达全部试验,列检作业场对运行途中自动制动机发生故障的到达列车；,旅客列车库内检修作业；,在有客列检作业的车站折返的旅客列车。,ABCD,,,,,,,,,,,,,,,,,,,,,,,
2123,《技规》（普速铁路部分）遇下列（  ）情况须发布调度命令。,封锁、开通区间,向封锁区间开行救援列车、路用列车,临时变更或恢复原行车闭塞法,变更列车径路,ABCD,,,,,,,,,,,,,,,,,,,,,,,
2124,《技规》（普速铁路部分）遇下列（  ）情况须发布调度命令。,发出在区间内停车或由区间返回的列车,开往区间内岔线的列车,发出临时由区间内返回后部补机的列车,列车需临时降弓运行,ABCD,,,,,,,,,,,,,,,,,,,,,,,
2125,《技规》（普速铁路部分）在（  ）上调车时，要经过车站值班员的准许。在接发列车时，应按《站细》规定的时间，停止影响列车进路的调车作业。,站线,正线,到发线,安全线,BC,,,,,,,,,,,,,,,,,,,,,,,
2126,《技规》（普速铁路部分）规定除布置进路（包括听取进路准备妥当的报告）外，其他各项工作可指派（  ）或（  ）办理。,扳道员,助理值班员,车号员,信号员,ABD,,,,,,,,,,,,,,,,,,,,,,,
2127,《技规》（普速铁路部分）遇下列（  ）情况须发布调度命令。,车站使用故障按钮、总辅助按钮,超长列车或列车挂有装载超限货物的车辆,单机附挂车辆,在非到发线上接发列车,ABCD,,,,,,,,,,,,,,,,,,,,,,,
2128,《技规》（普速铁路部分）调动乘坐旅客或（  ）的车辆时，不准超过15 km/h。,装载爆炸品,气体类危险货物,液化气体,超限货物,ABD,,,,,,,,,,,,,,,,,,,,,,,
2129,《技规》（普速铁路部分）禁止溜放的车辆、线路及其他限制（  ）。,调车组不足3人,中间站正线、到发线及与其衔接而未设隔开设备的线路,不准采用牵引溜放法调车,装有禁止货物的车辆,ABCD,,,,,,,,,,,,,,,,,,,,,,,
2130,《技规》（普速铁路部分）调车长在调车作业前，必须亲自并督促组内人员充分做好准备，认真进行检查。在作业中应做到（  ）。,时刻注意确认信号，正确掌握调车速度,组织调车人员正确及时地完成调车任务,正确及时地显示信号（发出指令），指挥调车机车的行动,负责调车人员的人身安全和行车安全,BCD,,,,,,,,,,,,,,,,,,,,,,,
2131,《技规》（普速铁路部分）调车作业要固定（  ）。,作业区域,线路使用,调车机车,工具数量及其存放地点,ABCD,,,,,,,,,,,,,,,,,,,,,,,
2132,《技规》（普速铁路部分）一批调车作业中临时停留的车辆，须以（  ）方式防溜。,拧紧两端车辆的人力制动机,铁鞋止轮,止轮器止轮,防溜枕木止轮,ABC,,,,,,,,,,,,,,,,,,,,,,,
2133,《技规》（普速铁路部分）驼峰解散车辆，调车机变更（  ）前，必须通知司机。,钩数、辆数、股道,下峰作业,向调车线送车,向禁溜线送车,BD,,,,,,,,,,,,,,,,,,,,,,,
2134,《技规》（普速铁路部分）站线是指（  ）及站内指定用途的其他线路。,到发线,调车线,牵出线,货物线,ABCD,,,,,,,,,,,,,,,,,,,,,,,
2135,《行规》规定当向停有车辆线路接入《技规》第357条所规定的列车时，列车在机外停车后，接车人员应将（  ）告知司机。,接入线路,停留车位置,有关注意事项,调度员姓名,ABC,,,,,,,,,,,,,,,,,,,,,,,
2136,《行规》（普速铁路部分）规定在办理引导接车时，关于（  ）应结合自站情况，在《站细》中具体规定。,引导员的指派,接车进路的检查,道岔加锁办法,干部上岗实际,ABC,,,,,,,,,,,,,,,,,,,,,,,
2137,《行规》（普速铁路部分）规定报点时，先报列车实际到开时刻。(  )还应报早、晚点时分或正点。,始发站,区段站,分界站,终到站,AD,,,,,,,,,,,,,,,,,,,,,,,
2138,《行规》（普速铁路部分）规定回送整列客车底列车按(  )的限制运行。,线路允许速度,机车最高运行速度,车辆最高运行速度,车站值班员,ABC,,,,,,,,,,,,,,,,,,,,,,,
2139,《行规》（普速铁路部分）规定当区间接触网停电时，不得向该停电区域发出（  ），同时在控制台按钮（计算机联锁应急盘）上揭挂“停电”表示牌。,电力机车,蒸汽机车,电力动车组,所有列车,AC,,,,,,,,,,,,,,,,,,,,,,,
2140,《行规》（普速铁路部分）规定引导进站通过的列车，在(  )完好时，闭塞手续办妥后，列车可根据开放的出站信号在站内通过。,闭塞设备,出站信号,引导信号,进路信号,AB,,,,,,,,,,,,,,,,,,,,,,,
2141,《行规》（普速铁路部分）规定动车组通过车站时，车站须提前11分钟停止（  ）。,通过进路上的作业,咽喉区所有作业,检票作业,对列车运行安全有影响的作业,AD,,,,,,,,,,,,,,,,,,,,,,,
2142,《行规》（普速铁路部分）规定向电化区段开行救援列车 （  ）。,为迅速排除接触网故障，充分发挥接触网检修车的作用，必要时可组织反方向运行。,发生事故需出动救援列车时，应使用内燃机车牵引。,救援列车进入事故区间前，应先停电,发生一般脱轨事故时，可在带电情况下利用复轨器及时起复。起复人员应与司机密切配合，缩短起复时间。,ABCD,,,,,,,,,,,,,,,,,,,,,,,
2143,《行规》（普速铁路部分）规定使用无线通信设备时(  )。,讲话要简练、清楚、正确,使用规定用语,严格保密制度,严禁谈论与行车无关事项,ABCD,,,,,,,,,,,,,,,,,,,,,,,
2144,《行规》（普速铁路部分）规定“区间占用”包括（  ）。,区间已经进入列车,区间内有行人,列车已取得占用区间的许可。,进路上有小车,AC,,,,,,,,,,,,,,,,,,,,,,,
2145,《行规》（普速铁路部分）禁止使用铁鞋制动的车辆和线路（  ）。,直径950MM及其以上的大轮车、外闸瓦车,在不同类型的钢轨和轨面有润滑物的线路上,线路内不能容纳所溜车辆，或虽能容纳但铁鞋制动的安全距离不足3车时,在货物线内停留的油罐车,ABC,,,,,,,,,,,,,,,,,,,,,,,
2146,《行规》（普速铁路部分）在同一空线上（  ）禁止两端同时作业。,两端同时溜放,同时推进,一端溜放一端推进,在同一有车线两端相对方向同时推进车辆运行，两端同时连挂车组,ABCD,,,,,,,,,,,,,,,,,,,,,,,
2147,《行规》（普速铁路部分）接发旅客列车以外的列车时，在能进入接发列车进路的线路上进行调车作业时，应遵守下列规定（  ）。,向空线不准溜放调车，向有车线溜放时，禁止与停留车连挂,向空线推进运行,连挂车辆时，要采取防溜措施,机车车辆距警冲标不少于50m必须停车,ACD,,,,,,,,,,,,,,,,,,,,,,,
2148,《行规》（普速铁路部分）专用线取送车时调车组应事先派人检查（  ）。,集中区道岔位置正确,大门全开,线路确无障碍,停留车情况,BCD,,,,,,,,,,,,,,,,,,,,,,,
2149,《行规》（普速铁路部分）下列情况禁止实行连续连挂（  ）。,在同一线路内停留车组间隔超过10车时,线路内最后一组停留车距离警冲标不足50米,在超过2.5‰下坡道的线路上,天气不良瞭望距离不足50米,ABCD,,,,,,,,,,,,,,,,,,,,,,,
2150,《行规》（普速铁路部分）中间站利用本务机车调车时，填写附有（  ）的示意图。,线路有效长,停留车组数,车数,车组间隔,ABCD,,,,,,,,,,,,,,,,,,,,,,,
2151,《行规》（普速铁路部分）非集中区遇（  ）情况可省略要道还道制度。,有扳道员时,货物线、专用线取送作业，经过无人看守的加锁道岔时,有人提前检查确认时,在无扳道员的货物线、专用线调车作业原线返回时,BD,,,,,,,,,,,,,,,,,,,,,,,
2152,《行规》（普速铁路部分）调动超限及跨装货物的车辆时，应注意（  ）情况。,信号机柱,货物状态,临近线路建筑物的限界,邻线停留车,ACD,,,,,,,,,,,,,,,,,,,,,,,
2153,《行规》（普速铁路部分）下列情形禁止溜放调车（  ）。,机车前后挂有车辆,挂有机车,段管线,货物线,ABC,,,,,,,,,,,,,,,,,,,,,,,
2154,《行规》（普速铁路部分）（  ）及出站、跟踪调车通知书每日自零时开始更换日期。,绿色（红色）许可证,书面通知,半自动闭塞发车进路通知书,路票,ABC,,,,,,,,,,,,,,,,,,,,,,,
2155,《行规》（普速铁路部分）装有蜜蜂的货车，不得与整车装运（  ）货物的车厢编挂在同一列车上。,敌敌畏,六六六农药车,1605农药车,1059农药车,ABCD,,,,,,,,,,,,,,,,,,,,,,,
2156,《行规》（普速铁路部分）规定非集中区调车作业遇(  )情况，可省略“要道还道”制度。,连续溜放时（第一钩除外）,货物线、专用线取送作业，经过无人看管的加锁道岔时,在无扳道员的货物线、专用线调车作业原线返回时,机车车列压道岔牵出或推进运行时,ABC,,,,,,,,,,,,,,,,,,,,,,,
2157,《行规》（普速铁路部分）规定在集中区调车作业遇压信号机绝缘原路返回时的作业方法（  ）。,调车长向调车区长报告 ,调车长应向信号楼（行车室）车站值班员报告,调车长取得作业允许并通知司机,调车长亲自或指派人员领车至前方能显示的调车信号机前,BCD,,,,,,,,,,,,,,,,,,,,,,,
2158,《行规》（普速铁路部分）规定在集中区调车作业进入停有车辆线路经过不能开放的调车信号机时的作业方法（  ）。,车站应在调车计划中注明，并向司机及有关人员传达清楚,调车机车、车列在不能开放的调车信号机前一度停车,调车长汇报信号楼（行车室）车站值班员,调车长取得作业允许并通知司机后，亲自或指派人员领车越过关闭的调车信号机,ABCD,,,,,,,,,,,,,,,,,,,,,,,
2159,《行规》（普速铁路部分）规定对推进挂车时显示信号的要求（  ）。,距停留车辆不足十车距离，显示五车距离信号,不足五车距离，显示三车距离信号,不足三车距离，显示稍行移动信号,十车距离内不显示减速信号,ABC,,,,,,,,,,,,,,,,,,,,,,,
2160,《行规》（普速铁路部分）规定天气不良瞭望距离不足100 m时用线取送调车作业要求（  ）。,无论牵引或推进运行应全部接通软管,适当掌握速度保证遇到障碍能及时停车,尽头线30m一度停车,越区作业在未了解情况以前不准实行溜放调车,ABD,,,,,,,,,,,,,,,,,,,,,,,
2161,《行规》（普速铁路部分）规定天气不良瞭望距离不足100 m时驼峰作业（自动、半自动驼峰除外）应在道岔区设专人瞭望（  ）并及时与调车长和制动员互通情况。,车组间隔距离,走行速度,车种、车数,货物装载状态,AB,,,,,,,,,,,,,,,,,,,,,,,
2162,《行规》（普速铁路部分）规定接发旅客列车以外的列车（单机、自轮运转特种设备除外）时，进站方向为上坡道、平道、不超过6‰的下坡道，在能进入接发列车进路的线路上进行调车作业时，应遵守下列规定（  ）。,向空线不准溜放调车，向有车线溜放时，禁止与停留车连挂,禁止实行连续连挂,连挂车辆时，要采取防溜措施,机车车辆距警冲标不少于50 m必须停车,ACD,,,,,,,,,,,,,,,,,,,,,,,
2163,《行规》（普速铁路部分）规定专用线取送车调车组应事先派人检查（  ）并通知装卸或检查人员停止工作，撤除防护后，方准作业，如不能事先派人办理时，应停车检查。,非集中操纵道岔位置正确、尖轨密贴（设有扳道人员的除外）,大门全开、门钩挂好,线路确无障碍及停留车情况,货物与钢轨的距离等符合规定,ABCD,,,,,,,,,,,,,,,,,,,,,,,
2164,"《行规》（普速铁路部分）规定专用线取送车于推进作业时，应根据(  )等情况,安装简易紧急制动阀。",走行线远近,连挂车数,曲线半径条件,有无道口,ABCD,,,,,,,,,,,,,,,,,,,,,,,
2165,《行规》（普速铁路部分）规定向修车线取送检修车时，调车组应提前派人检查(  )等情况。,线路,车辆,修车用具,作业人员及线路防护,ABCD,,,,,,,,,,,,,,,,,,,,,,,
2166,《行规》（普速铁路部分）对调动旅客列车车底的规定（  ）。,调动旅客列车车底须连结全部软管，并进行简略试验。,在停有专包列车车底的线路上，除进行本列车的摘挂作业外，禁止进行其他调车作业。,严禁带有乘坐旅客的车辆进行本列以外的调车作业。,调动乘坐旅客的车辆时，两端车门必须锁闭，由值乘列车乘务员监护车内旅客安全。,ABCD,,,,,,,,,,,,,,,,,,,,,,,
2167,《行规》（普速铁路部分）规定旅客列车途中甩挂调车作业时，车站值班员应通知车站客运人员需进行甩挂作业的（  ）及注意事项等。,列车车次,辆数,股道,作业位置,ABCD,,,,,,,,,,,,,,,,,,,,,,,
2168,《行规》（普速铁路部分）对在调动装有爆炸品、气体类危险货物的车辆及一级易燃液体的罐车时的规定（  ）。,调车长于作业前须将计划及注意事项通知司机,挂车前应派人检查防溜措施并通知押运人注意,挂车时严格掌握速度不得冲撞,在指定的线路上摘解上述车辆时，按《站细》规定做好防溜措施，牢靠固定,ABCD,,,,,,,,,,,,,,,,,,,,,,,
2169,《行规》（普速铁路部分）规定越出站界调车完毕后，（  ）须向司机收回通知书，并注销保管，然后方可报告车站值班员办理区间开通手续，摘除表示牌。,调车指挥人,扳道员,车站值班员,调车区长,AB,,,,,,,,,,,,,,,,,,,,,,,
2170,《行规》（普速铁路部分）规定（  ）上禁止手推调车。,正线,到发线,调车线,货物线,ABC,,,,,,,,,,,,,,,,,,,,,,,
2171,《行规》（普速铁路部分）规定设有驼峰设备的车站，对调车计划的核对、（  ）铁鞋制动及减速器、加减速顶的使用等均应在《站细》内规定具体办法。,峰上峰下的联系,人员的分工,速度的掌握,解散车组间隔距离,ABCD,,,,,,,,,,,,,,,,,,,,,,,
2172,《行规》（普速铁路部分）规定铁鞋制动人员要（  ）准备数量充足、质量良好的铁鞋。,明确分工,提前出场,坚守岗位,撒好沙子,ABC,,,,,,,,,,,,,,,,,,,,,,,
2173,《行规》（普速铁路部分）规定铁鞋制动人员对于分解的车组应事先了解（  ）。,车种,车数,空重,调车限制,ABCD,,,,,,,,,,,,,,,,,,,,,,,
2174,《行规》（普速铁路部分）规定禁止使用铁鞋制动的车辆（  ）。,直径950 mm及其以上的大轮车,机械冷藏车,外闸瓦车,乘坐旅客的车辆,AC,,,,,,,,,,,,,,,,,,,,,,,
2175,《行规》（普速铁路部分）规定禁止使用铁鞋制动的线路（  ）。,在不同类型的钢轨和轨面有润滑物的线路上,在警冲标至股道内减速器之间和距警冲标内方不足50 m停有堵门车的线路上,线路内不能容纳所溜车辆，或虽能容纳但铁鞋制动的安全距离不足3车时,在道岔及布顶区域内、曲线外轨、调车场以外的线路、钢轨接头前1 m内,ABCD,,,,,,,,,,,,,,,,,,,,,,,
2176,《行规》（普速铁路部分）如超长列车尾部停于进站信号机外方时，（  ）区段禁止办理区间开通手续。,自动闭塞,电话闭塞,半自动闭塞,自动站间闭塞,CD,,,,,,,,,,,,,,,,,,,,,,,
2177,《行规》（普速铁路部分）规定在接触网带电的情况下，使用人力制动机时，区间和中间站禁止登上（  ），行走或使用人力制动机。,平车,敞车,棚车,罐车,BC,,,,,,,,,,,,,,,,,,,,,,,
2178,《行规》（普速铁路部分）规定接触网附近发生火灾时，应立即通知(  )。,监控室,接触网工区,列车调度员,值班干部,BC,,,,,,,,,,,,,,,,,,,,,,,
2179,《行规》（普速铁路部分）列车总重系指列车（  ）加（  ）。,轴重,自重,毛重,载重,BD,,,,,,,,,,,,,,,,,,,,,,,
2180,《行规》（普速铁路部分）使用无线调车灯显设备的车站，一批作业不超过三钩（包括变更）可用（  ）或（  ）（中间站利用本务机车调车除外），有关人员必须复诵。,人工,设备,口头方式,停轮用电台布置,CD,,,,,,,,,,,,,,,,,,,,,,,
2181,《行规》（普速铁路部分）自动闭塞区段，装有容许信号的通过信号机显示停车信号时，准许（  ）列车不停车，按《技规》第316条的规定运行。,货物,军用,路用,旅客,ABC,,,,,,,,,,,,,,,,,,,,,,,
2182,《行规》（普速铁路部分）线路所通过信号机发生故障时，在（  ）应停止基本闭塞法，改按电话闭塞法行车。,自动闭塞,自动站间闭塞,半自动闭塞区段,电话闭塞,BC,,,,,,,,,,,,,,,,,,,,,,,
2183,《行规》（普速铁路部分）路票内容如（  ）或（  ）时，均应作废，另行填写。,使用,未按规定使用,交错,有涂改,BD,,,,,,,,,,,,,,,,,,,,,,,
2184,《行规》（普速铁路部分）车站值班员提前确定接发超长列车的线路，并将辆数、换长、重量等通知（  ）。,助理值班员,列检,扳道员,信号员,BCD,,,,,,,,,,,,,,,,,,,,,,,
2185,《行规》（普速铁路部分）车站值班员提前确定接发超长列车的线路，并将（  ）等通知列检、扳道员、信号员。,辆数,换长,重量,车次,ABC,,,,,,,,,,,,,,,,,,,,,,,
2186,《行规》（普速铁路部分）（  ）等部门，要加强雨中和雨后的设备检查，发现影响行车的险情时，要及时拦停列车，并通知就近车站。,车站,工务, 电务, 供电,BCD,,,,,,,,,,,,,,,,,,,,,,,
2187,《行规》（普速铁路部分）“按站间区间掌握”：在自动闭塞区间由于（  ）和（  ），不改变原闭塞方法，仅改按站间区间间隔放行列车。,天气不良,有特殊原因,区间封锁,施工、维修,AB,,,,,,,,,,,,,,,,,,,,,,,
2188,《行规》（普速铁路部分）“区间空闲”：（  ）或（  ），未发出任何行车凭证。,未同间闭塞,区间无列车,未被占用,占用表示灯熄灭,BC,,,,,,,,,,,,,,,,,,,,,,,
2189,《行规》（普速铁路部分）各接触网工区应配有（  ）或（  ）。,重型轨道车,工具,材料,其他接触网检修车辆,AD,,,,,,,,,,,,,,,,,,,,,,,
2190,《行规》（普速铁路部分）列车由（  ）或（  ）及（  ）时，须在调度命令中注明，仍使用该区间路票。,区间返回,区间运行,在双线反方向,多线区段运行,ACD,,,,,,,,,,,,,,,,,,,,,,,
2191,《行规》（普速铁路部分）自动闭塞区段，遇（  ）或（  ）时，可填发一张绿色许可证。,连续多架发车进路信号机故障,发车进路、出站信号机连续故障,出站信号机,进站信号机,AB,,,,,,,,,,,,,,,,,,,,,,,
2192,《行规》（普速铁路部分）规定接发超长列车时列车停车后，如尾部仍停在（  ）外方或（  ）时，应按《技规》第358条的规定进行防护。,信号机,警冲标,压轨道绝缘,调车信号机,BC,,,,,,,,,,,,,,,,,,,,,,,
2193,《行规》（普速铁路部分）发现车辆有抱闸现象时，（  ）或（  ）使用电台通知司机：“××次司机，机后××位左右有抱闸现象”。 ,信号员,站长,车站值班员,助理值班员,CD,,,,,,,,,,,,,,,,,,,,,,,
2194,《行规》（普速铁路部分）发现车辆有抱闸现象时，车站值班员或助理值班员使用电台通知司机，同时（  ），并（  ）。,通知电务,报告列车调度员,通知前方站,报告站长,BC,,,,,,,,,,,,,,,,,,,,,,,
2195,《行规》（普速铁路部分）规定超长列车转线作业由（  ）或（  ）担任，转线前应使尾部车辆停在警冲标内。,车站（助理）值班员,站长,调车长,连接员,AC,,,,,,,,,,,,,,,,,,,,,,,
2196,《行规》（普速铁路部分）车站值班员在办理（  ）或（  ）前，须得到列车调度员的调度命令，两相邻站车站值班员共同确认区间空闲。,停基改电,绿证发车,反方向行车,恢复正方向行车,CD,,,,,,,,,,,,,,,,,,,,,,,
2197,《行规》（普速铁路部分）（  ）或（  ）在站单独停留时，车站作业人员使用铁鞋防溜，有机车乘务员时机车乘务员负责拧紧机车或自轮运转特种设备的人力制动机。,无火回送的机车,单机,重型轨道车,自轮运转特种设备（含重联、成组）,AD,,,,,,,,,,,,,,,,,,,,,,,
2198,《行规》（普速铁路部分）集中联锁失效道岔需现场操纵时，车站值班员立即通知（  ）工区处理。,信号,工务,电力 ,公安,AB,,,,,,,,,,,,,,,,,,,,,,,
2199,《行规》（普速铁路部分）规定手摇把使用后应及时收回，由（  ）双方清点数量并核对号码后加锁加封。,工务,车站,电务,电力,BC,,,,,,,,,,,,,,,,,,,,,,,
2200,《行规》（普速铁路部分）遇接触网站内或区间停电施工时，在接到施工停电的调度命令后，车站值班员应与驻站人员对（  ）再次进行核对，确认无误后方准施工。,施工地段,作业内容,封锁线路,影响范围,ABCD,,,,,,,,,,,,,,,,,,,,,,,
2201,京铁运〔2016〕30号文规定：非集中联锁车站，对（  ）可省略整列到达的报告，停车压警冲标时，应立即报告。,通过列车,单机,自轮运转特种设备,不会让的旅客列车,ABCD,,,,,,,,,,,,,,,,,,,,,,,
2202,京铁运〔2016〕30号文规定：手指动作要求：（  ）。,持旗时为右手拢起的信号旗“前指”,持灯时为左手“剑指”,持旗时为右手“前指”,持灯时为右手“剑指”,AB,,,,,,,,,,,,,,,,,,,,,,,
2203,京铁运〔2016〕30号文规定：持旗及携带列车无线调度通信设备要求：（  ）。,接发车人员持旗时应左手持红旗，右手持绿（黄）旗，旗杆竖直向下,列车无线调度通信设备保持开机状态，正挎胸前,接发车人员持旗时应左手持绿（黄）旗，右手持红旗，旗杆竖直向下,列车无线调度通信设备保持开机状态，斜挎胸前,AB,,,,,,,,,,,,,,,,,,,,,,,
2204,京铁运〔2016〕30号文规定：接发车人员“指、看、喊”动作要分明，（  ）。,灯正圈圆,立正姿势,军姿转体（列车接近接车地点前50m左右转体）,军姿转体（列车接近接车地点前80m左右转体）,ABC,,,,,,,,,,,,,,,,,,,,,,,
2205,京铁运〔2016〕30号文规定：助理值班员、扳道员的出、退场时机按《接发列车作业》标准的规定办理，但（  ），助理值班员的退场时机为列车尾部越过本站台。,始发、到开的货物列车,通过的旅客列车,始发的旅客列车,到开的旅客列车,CD,,,,,,,,,,,,,,,,,,,,,,,
2206,京铁运〔2016〕30号文规定：6502电气集中联锁控制设备因按钮（  ）或不能判明的原因，造成不能排出进路时，须再次确认排列进路表示灯“灭灯”和信号操作终端其他按钮表示灯全部正确显示后，方可重新办理。,按压不到位,错按,误碰,损坏,ABC,,,,,,,,,,,,,,,,,,,,,,,
2207,京铁运〔2016〕30号文规定：6502电气集中联锁控制设备信号开放后，因错误办理产生预排，进路上的有关按钮产生闪烁或稳定灯光时，须确认不影响列车运行后，方可使用（  ）或（  ）方式取消闪烁或稳定灯光，防止因盲目取消导致错误关闭已开放的信号。,总取消,总人解,人工解锁盘,故障按钮,AB,,,,,,,,,,,,,,,,,,,,,,,
2208,京铁运〔2016〕30号文规定：下列说法正确的有（  ）。,各种行车凭证的“站名”及调度命令的“受令车站”须盖站名印，签名处不得盖人名章。,非集中联锁车站，对通过列车、单机、自轮运转特种设备及不会让的旅客列车可省略整列到达的报告，停车压警冲标时，应及时报告。,非集中联锁车站，扳道员在准备接发车进路时，对进路上不扳动的道岔，也应进行检查确认。,手指动作要求：持旗时为右手拢起的信号旗“前指”；持灯时为左手“剑指”。,ACD,,,,,,,,,,,,,,,,,,,,,,,
2209,京铁运〔2016〕30号文规定：下列说法正确的有（  ）。,列车尾部越过接车地点，接发车人员军姿转体面向列车尾部，持旗时为右手拢起的信号旗“前指”，持灯时为左手“剑指”，指向列车尾部标志，确认尾部标志齐全良好后口呼：“尾部标志良好”。,助理值班员、扳道员的出、退场时机按《接发列车作业》标准的规定办理，但始发、到开的列车，助理值班员的退场时机为列车尾部越过本站台。,接发车人员“指、看、喊”动作要分明，灯正圈圆，立正姿势，军姿转体（列车接近接车地点前50m左右转体）。,持旗及携带列车无线调度通信设备要求：接发车人员持旗时应左手持红旗，右手持绿（黄）旗，旗杆竖直向下；列车无线调度通信设备保持开机状态，正挎胸前。,CD,,,,,,,,,,,,,,,,,,,,,,,
2210,京铁运〔2016〕30号文规定：计算机联锁设备使用带密码的按钮后，将该按钮的计数器号码变化情况记入《行车设备检查登记簿》中。交接班时，车站值班员将（  ）在交接班簿中记明，认真办理交接。,“计数器总合计数”,当班使用过的带计数器的按钮及其“计数器号码”,带计数器的按钮及其“计数器号码”,当班使用过的带计数器的按钮及其“计数器合计数”,AB,,,,,,,,,,,,,,,,,,,,,,,
2211,京铁运〔2016〕30号文规定：计算机联锁设备遇《行规》63条规定的情况或显示器黑屏时，应在“应急盘”上（  ）。,标记列车车次,揭挂行车表示牌,标记进路加锁,揭挂控制卡,AB,,,,,,,,,,,,,,,,,,,,,,,
2212,京铁运〔2016〕30号文规定：下列说法错误的有（  ）。,计算机联锁设备不办理作业时，鼠标箭头要放置在固定位置（信号操作终端空白区域并标注），可以随意触摸鼠标。,计算机联锁设备可以“单封”道岔的方式代替“单锁”方式锁闭进路。,确认接车线路空闲：集中联锁设备或有轨道电路并纳入联锁的车站，应按信号操作终端光带或线路占用表示灯确认，不能从设备上确认时应按规定现场确认。,确认接发车进路：凡能从设备上确认进路正确的从设备上确认。不能从设备上确认进路正确的车站接车前指派胜任人员确认进路正确；发车前，扳道员或指派的胜任人员必须确认道岔位置正确，并与助理值班员“对道”。有计划施工按施工临时行车办法办理。,AB,,,,,,,,,,,,,,,,,,,,,,,
2213,京铁运〔2016〕30号文规定：下列说法错误的有（  ）。,"双线自动闭塞集中联锁设备车站发车作业程序：
（1）发车预告（2）开放信号（3）准备发车（4）确认发车条件（5）发车（6）报点
",计算机联锁设备使用带密码的按钮后，将该按钮的计数器号码变化情况记入《行车设备检查登记簿》中。,采用计算机联锁设备的信号楼（行车室）应在便于作业人员确认的位置设置与车站线路（包括股道、道岔、信号机及编号）等行车设备一致的“应急盘”。,计算机联锁设备遇《行规》63条规定的情况并显示器黑屏时，应在“应急盘”上标记列车车次、揭挂行车表示牌。,AD,,,,,,,,,,,,,,,,,,,,,,,
2214,京铁运〔2016〕30号文规定：车站值班员接收限速调度命令时，须通知车站值班干部上岗盯控，并与助理值班员（或信号员）、车站值班干部认真核对（  ）。,命令格式,命令内容,受令处所,发令人,BC,,,,,,,,,,,,,,,,,,,,,,,
2215,京铁运〔2016〕30号文规定：车站值班员接收限速调度命令时，须通知车站值班干部上岗盯控，车站值班干部须向列车调度员汇报到岗情况，并对调度命令（  ）过程进行重点盯控，盯控情况在《干部检查巡视登记簿》内登记。,签收,核对,交付,联控,ABCD,,,,,,,,,,,,,,,,,,,,,,,
2216,京铁运〔2016〕30号文规定：有关车站值班干部根据运行揭示调度命令制作《限速提示卡》，内容包括（  ）等，在信号楼（行车室）明示，变化后及时更换。,调度命令号,限速地段里程,限速值、限速起止时间,联控用语,ABCD,,,,,,,,,,,,,,,,,,,,,,,
2217,京铁运〔2016〕30号文规定：办理非正常行车前，车站值班员必须及时通知干部到岗盯控把关，在《非正常行车控制卡》上填写（  ）。,日期,班次,车站值班员姓名,通知干部时间,ABCD,,,,,,,,,,,,,,,,,,,,,,,
2218,京铁运〔2016〕30号文规定：办理接发列车预告（闭塞）手续时，必须严格对照三、四小时列车运行调整计划，核对（  ）以及停、通时刻等内容，确认无误后，方可办理。,列车车次,运行时刻,调度命令,运行方向,ABCD,,,,,,,,,,,,,,,,,,,,,,,
2219,京铁运〔2016〕30号文规定：（  ）时，应及时与列车调度员联系确认，严禁盲目办理接发列车手续。,没有纳入列车运行计划,与列车运行计划不符,对列车运行计划有疑问,办理闭塞,ABC,,,,,,,,,,,,,,,,,,,,,,,
2220,京铁运〔2016〕30号文规定：信号员、联控助理值班员必须及时打印并配备列车调度员下达的三、四小时列车运行调整计划（复视电子行车日志的可不打印），在准备接发列车进路前，对照三、四小时列车运行调整计划，认真检查、确认、核对（  ）等关键内容，落实“记、过、销”制度，可作为占线簿使用。,列车车次,运行时刻,接车线路,停车或通过时刻以及列车运行方向,ABCD,,,,,,,,,,,,,,,,,,,,,,,
2221,京铁运〔2016〕30号文规定：多方向车站办理接发列车作业，（  ）。,接车时：方向应加在车次前；,发车时：方向应加在“×道”之后。,列车反方向运行时用语中还应增加“反方向”,接车时：方向应加在车次后；发车时：方向应加在“×道”之前。,ABC,,,,,,,,,,,,,,,,,,,,,,,
2222,京铁运〔2016〕30号文规定：具备确认条件的多方向车站，助理值班员在发车（通过）前，必须现场确认（  ）显示状态正确，口呼：“×道×方向出站信号好”后，方准按规定办理发车手续。进路表示器显示不正确，应立即通知车站值班员。,发车表示器,出站（发车进路）信号机,进路表示器,发车线路表示器,BC,,,,,,,,,,,,,,,,,,,,,,,
2223,京铁运〔2016〕30号文规定：下列说法正确的有（  ）。,多方向车站办理接发列车作业，接车时：方向应加在车次前；发车时：方向应加在“×道”之后。列车反方向运行时用语中还应增加“反方向”。,多方向车站TDCS车务终端《行车日志》须利用邻站站名功能保持“记事”栏显示列车运行方向的状态。,值班员办理预告（闭塞）手续及下达接发列车命令时，须认真核对“记事”栏列车运行方向，并以线名或邻站站名区别方向，有两个及以上车场或径路时，必须讲明车场或径路。,多方向车站应将进路表示器的显示方式及显示意义纳入《站细》和《岗位作业指导书》。,ABCD,,,,,,,,,,,,,,,,,,,,,,,
2224,京铁运〔2016〕30号文规定：下列说法正确的有（  ）。,具备确认条件的车站，助理值班员在发车（通过）前，必须现场确认出站（发车进路）信号机和进路表示器显示状态正确，口呼：“×道×方向出站信号好”后，方准按规定办理发车手续。进路表示器显示不正确，应立即通知车站值班员。,多方向车站办理接发列车作业，接车时：方向应加在车次前；发车时：方向应加在“×道”之后。列车反方向运行时用语中还应增加“反方向”。,值班员办理预告（闭塞）手续及下达接发列车命令时，须认真核对“记事”栏列车运行方向，并以线名或邻站站名区别方向，有两个及以上车场或径路时，必须讲明车场或径路。,多方向车站信号操纵人员操纵行车设备时，严格执行“一看、二按（点击）、三确认、四呼唤”制度，各动作之间必须有间隔停顿，因作业繁忙可同时进行其他作业。,ABC,,,,,,,,,,,,,,,,,,,,,,,
2225,京铁运〔2016〕30号文规定：下列说法正确的有（  ）。,开放信号指向决定多方向端发车（接车除外）方向的按钮时，必须得到互控人员确认，发出 “正确”的口令后，方可按压（点击）。,车务站段应将单人单岗车站（线路所）设备操纵和作业标准化执行落实情况，逐步实现通过远程视频引入邻站和站段安全监控室，实施对单人单岗车站（线路所）接发列车作业的互控、把关。,多方向车站TDCS车务终端《行车日志》须利用邻站站名功能保持“记事”栏显示列车运行方向的状态。,多方向车站应将进路表示器的显示方式及显示意义纳入《站细》和《岗位作业指导书》。,BCD,,,,,,,,,,,,,,,,,,,,,,,
2226,京铁运〔2016〕30号文规定：下列说法正确的有（  ）。,车站值班员须根据停电计划了解接触网停电安全卡控措施（停电范围除外）。,停电前根据三、四小时列车运行调整计划与列车调度员确认不再继续运行等候施工的列车车次，逐个通知接触网停电范围内的电力机车、动车组司机降弓并得到回复后，方可汇报列车调度员具备停电条件。,列车调度员必须与相关车站逐站联系核对，确认具备停电条件后，方可与电调办理停电手续，下达接触网停电的调度命令。,车站值班员接到接触网停电的调度命令后，须与信号员（同室的助理值班员）共同核对停电卡片、施工登记，确认停电区域，无误后在调度命令（调度命令登记簿）上分别签名并注明核对确认时刻。,BCD,,,,,,,,,,,,,,,,,,,,,,,
2227,京铁运〔2016〕30号文规定：下列说法正确的有（  ）。,未使用防止电力机车进入无电（网）区辅助提示设备的6502联锁设备车站，未设供电驻站人员的由车站值班员负责在“接触网供电示意图”上用红笔勾画接触网停电范围。恢复供电调度命令下达后抹消相关勾画。,未使用多功能电子占线板、TDCS3.0系统的计算机联锁车站在信号操作终端前增加透明揭示板，车站值班员在其上勾画停电区域，防止错误办理。施工完毕后抹消相关勾画，摘下透明揭示板。,列车调度员必须与相关车站逐站联系核对，确认具备停电条件后，方可与电调办理停电手续，下达接触网停电的调度命令。,多方向车站应将进路表示器的显示方式及显示意义纳入《站细》和《岗位作业指导书》。,ACD,,,,,,,,,,,,,,,,,,,,,,,
2228,京铁运〔2016〕30号文规定：有停通或运行径路、运行区段、运行方向变化的列车，车站值班员接受预告（闭塞）后，办理接车进路前，须执行“四核对”制度，即（  ）。,与《新旧图交替时刻表》核对,与列车调度员核对,与三、四小时列车运行调整计划核对,与邻站核对,ABCD,,,,,,,,,,,,,,,,,,,,,,,
2229,京铁运〔2016〕30号文规定：调图交替过渡期要求（  ）。,车务站段须安排运行图主管人员或胜任的专业技术干部实施24小时不间断值班，公布值班电话，随时解决并正确处置新旧交替和新图、暑期图、春运图实施或基本图恢复过程中现场反馈的各类问题。,涉及列车运行方向、运行径路、车次变更、停通变化的关键车站，车务站段须安排懂业务、责任心强，经过培训考试合格并掌握安全关键和重点的专业技术干部实施驻站包保盯控。,车务站段安全监控室监控人员应加大对关键车站干部上岗盯控情况的检查力度，并对重点车站、重点列车适时进行预警、提示，严防错办问题发生。,有停通或运行径路、运行区段、运行方向变化的列车，车站值班员接受预告（闭塞）后，办理接车进路前，须执行“三核对”制度，即与列车调度员核对、与三、四小时运行计划核对，与邻站核对。,ABC,,,,,,,,,,,,,,,,,,,,,,,
2230,京铁运〔2016〕30号文规定：车站值班员在办理接发临客作业时，重点把好车次关、停通关、方向关，落实“四核对”制度，即：（  ）。,与列车调度员核对,与日（班）计划和三、四小时列车运行调整计划核对,与《临客时刻表》和《临客开行明示卡》核对,与邻站核对,ABCD,,,,,,,,,,,,,,,,,,,,,,,
2231,京铁运〔2016〕31号文规定：下列说法正确的有（  ）。,实际坡度超过2.5‰的到发线，原则上不得停放保留列车。,遇特殊情况必须在超过1.5‰坡度的线路上停放保留列车时，须经调度所值班主任批准。,为防止轨道电路分路不良，保留列车停留时间不得超过3天。,具备条件的车站，应将保留列车停放线路两端道岔扳向开通安全线、牵出线或与正线隔开的位置，并在控制台上加戴表示牌。,AC,,,,,,,,,,,,,,,,,,,,,,,
2232,"京铁运〔2016〕31号文规定：保留列车恢复运行开车前，车站指派胜任人员对保留列车进行货运安全检查。超限、超重车按下列内容进行重点检查并记录检查结果：（  ）。
","有无超限超重货物运输记录及其填写是否完整
",货物两侧明显位置，是否有超限、超重等级标识,"是否标画有检查线，货物有无移动，加固材料是否有松动和损坏
",车辆转向架左右旁承游间不得为零（结构规定为常接触式旁承及球形心盘除外）,ABCD,,,,,,,,,,,,,,,,,,,,,,,
2233,京铁运〔2016〕31号文规定：挂有（  ）的保留列车，无论保留时间长短，开车前，列车调度员均须通知车辆段调度安排人员对保留列车进行检查。,装载超限货物车辆,特种车辆,自轮运转特种设备,补车,ABC,,,,,,,,,,,,,,,,,,,,,,,
2234,京铁运〔2016〕31号文规定：封存铁路货车执行“三固定”原则，即：（  ）。,固定停车位置,固定存放车站,固定存放线路,固定防溜措施,BCD,,,,,,,,,,,,,,,,,,,,,,,
2235,京铁运〔2016〕31号文规定：集中区封存车动车作业或解封开车，以及利用解封后的封存车停留线路进行接发列车、调车作业时，必须严格按照轨道电路分路不良区段作业的相关规定，（  ），并认真执行车机（车调）联控制度。,办理进路前经值班干部同意,办理进路前首先确认区段空闲,信号开放后单独锁闭进路上的相关道岔,信号开放后现场锁闭进路上的相关道岔,BC,,,,,,,,,,,,,,,,,,,,,,,
2236,京铁运〔2016〕31号文规定：封存车作业，下列说法正确的有（  ）。,封存铁路货车执行“三固定”原则，即：固定存放车站、固定存放线路、固定防溜措施。,原则上不得安排在坡度大于2.5‰的线路上停放。,凡与正线无隔开设备的到发线禁止停放封存车辆。,封存车辆在车站停留时，具备条件的车站应将线路两端道岔扳向开通安全线、牵出线或与正线隔开的位置，并采取控制台单独锁闭措施。,ABCD,,,,,,,,,,,,,,,,,,,,,,,
2237,京铁运〔2016〕32号文规定：“调车作业示意图”填写的规定，下列说法正确的有（  ）。,“调车作业示意图”中日期、车次、计划、实际起止时间应填写齐全。,作业方法：“＋”挂车；“－”摘车；“＋＋”连续连挂；“△”单机。,在列车所接入的股道内填写本列车次。,线路内停留车辆用长方形框“□”表示，“□”中填写车组数。,ABC,,,,,,,,,,,,,,,,,,,,,,,
2238,京铁运〔2016〕32号文规定：“调车作业示意图”填写的规定，下列说法正确的有（  ）。,调车作业涉及的线路无停留车辆时，在该线路中标注“空”字样。,停留车距警冲标距离、车组间距离应填写正确、清楚，一端有多个警冲标的线路，应分别填写清楚。,车组长度、车组间距离、停留车距警冲标距离之和不能超过线路实际长度。,在列车所接入的股道内填写车数。,AB,,,,,,,,,,,,,,,,,,,,,,,
2239,京铁运〔2016〕32号文规定：“调车作业示意图”填写的规定，下列说法正确的有（  ）。,穿越或占用正线调车作业时，在调车作业计划中涉及钩的右侧相对处填写“正”字。,安装简易紧急制动阀的作业，在调车作业计划中需使用制动阀的钩计划右侧相对处填写“阀”字。,注意事项栏内应注明计划起止时间内旅客列车运行情况、涉及线路轨道电路分路不良区段作业和人身安全注意事项。,作业方法：“＋”挂车；“－”摘车；“＋＋”连续连挂；“△”单机。,ABD,,,,,,,,,,,,,,,,,,,,,,,
2240,京铁运〔2016〕32号文规定：“调车作业示意图”填写的规定，下列说法错误的有（  ）。,线路内停留车辆用长方形框“□”表示，“□”中填写车组数。,作业方法：“＋”挂车；“－”摘车；“＋＋”连续连挂；“△”单机。,车组长度、车组间距离、停留车距警冲标距离之和不能超过线路实际长度。,车组长度、车组间距离、停留车距警冲标距离之和不能超过线路换算长度。,ACD,,,,,,,,,,,,,,,,,,,,,,,
2241,京铁运〔2016〕32号文规定：调车作业计划执行的规定（  ）。,"车站值班员、信号员、扳道员、驼峰作业员必须有书面调车作业计划，执行“抹钩”制度。

",集中区调车作业，车站值班员（信号员）应随时掌握作业进度，机车动轮后，在调车作业通知单（示意图）每勾计划前标画出入线符号，入线符号为“\”，出线符号为“/”入出线后形成“Ⅹ”符号。,"车站值班员、信号员、扳道员、驼峰作业员必须有书面调车作业计划，执行“抹钩”制度，干完一钩抹消一钩。

",集中区调车作业，车站值班员（信号员）应随时掌握作业进度，车调联控后，在调车作业通知单（示意图）每勾计划前标画出入线符号，入线符号为“\”，出线符号为“/”入出线后形成“Ⅹ”符号。,CD,,,,,,,,,,,,,,,,,,,,,,,
2242,京铁运〔2016〕32号文规定：正线、到发线调车作业，下列说法正确的有（  ）。,在同一咽喉区调车作业（包括机车出入库）时，三等及以下车站调车进路必须一次排通。,二等及以上车站确因作业繁忙，同一咽喉区进路不能一次排通时，严格执行车调联控制度，并通知司机调车信号机开放架数。,二等及其以下集中联锁的车站，穿越（占用）正线返岔子推送作业时，在调车信号开放前（单机除外），执行信号楼（行车室）人员“红键锁闭”制度。,中间站穿越（占用）正线调车作业须全部接通软管，严禁抢钩作业。,ABCD,,,,,,,,,,,,,,,,,,,,,,,
2243,京铁运〔2016〕32号文规定：正线、到发线调车作业，下列说法正确的有（  ）。,在电气集中区段，调车机、单机、自轮运转特种设备在一条调车进路运行过程中，不得在道岔区段随意停车，必须越过回头信号或完全进入股道内方后方准停车。,在电气集中区段，调车机在道岔区段运行过程中，必须停车时，机车乘务员必须报告车站值班员，值班员必须确认机车停车位置，并密切注意光带变化，不得排列列车进路。,中间站穿越（占用）正线调车作业须全部接通软管，严禁抢钩作业。,在同一咽喉区调车作业（包括机车出入库）时，三等及以下车站调车进路必须一次排通。,ACD,,,,,,,,,,,,,,,,,,,,,,,
2244,京铁运〔2016〕32号文规定：在电气集中区段，调车机、单机、自轮运转特种设备在一条调车进路运行过程中，不得在道岔区段随意停车，必须（  ）后方准停车。,传达调车作业计划,调车人员下车,越过回头信号,完全进入股道内方,CD,,,,,,,,,,,,,,,,,,,,,,,
2245,京铁安监〔2015〕58号文规定：车调联控作业中车站值班员（包括信号员、内勤助理值班员）、列车调度员、（  ），在执行有关规章制度的同时，还应执行车调联控作业的规定和用语。,车站调车人员,机车乘务员,动车组司机,自轮运转特种设备司机,ABCD,,,,,,,,,,,,,,,,,,,,,,,
2246,京铁安监〔2015〕58号文规定：车调联控作业的基本要求，下列说法正确的有（  ）。,调车作业牵引运行、单机（动车组）出入库、机车（动车组）转线，由车站值班员（列车调度员）与司机进行车调联控作业。,调车作业推进运行，由车站值班员与调车人员进行车调联控作业。,车调联控作业原则上使用无线调车灯显设备进行，未配备无线调车灯显设备或无线调车灯显设备故障时，可使用列车无线调度通信设备进行。,车站、动车段（所）在集中区进行调车作业时，应执行车调联控作业。,ABCD,,,,,,,,,,,,,,,,,,,,,,,
2247,京铁安监〔2015〕58号文规定：车调联控作业的基本要求，下列说法正确的有（  ）。,调车作业前调车人员、司机、车站值班员应对使用的无线调车灯显设备进行通话试验。,专调机车每天作业前与本区信号楼进行通话试验、区域调车机及小运转机车调车作业前与车站进行通话试验。,执行车调联控作业时不得强行打断列车的车机联控。,司机询问有关进路开放及作业情况时，车站要及时应答。司机对车站的作业询问情况，也要及时应答。,ACD,,,,,,,,,,,,,,,,,,,,,,,
2248,京铁安监〔2015〕58号文规定：车调联控作业的基本要求，下列说法正确的有（  ）。,司机询问有关进路开放及作业情况时，车站要及时应答。司机对车站的作业询问情况，也要及时应答。,车调联控作业原则上使用无线调车灯显设备进行，未配备无线调车灯显设备或无线调车灯显设备故障时，可不进行车调联控。,调车作业前调车人员、司机、车站值班员应对使用的无线调车灯显设备进行通话试验。,调车作业推进运行，由车站值班员与调车人员进行车调联控作业。,ACD,,,,,,,,,,,,,,,,,,,,,,,
2249,京铁安监〔2015〕58号文规定：车调联控作业的基本作业标准，下列说法正确的有（  ）。,执行车调联控时，遇一方未主动联控，另一方应及时补控。,执行车调联控作业后，负责前方进路的司机或调车人员应由近及远逐个确认进路上调车信号显示正确，严禁臆测。,作业中调车信号开放后，联系不上或联控不清时，不得盲目动车。,在集中区进行的作业，车站值班员应主动呼叫司机或调车人员。,ABCD,,,,,,,,,,,,,,,,,,,,,,,
2250,京铁安监〔2015〕58号文规定：车调联控作业的基本作业标准，下列说法正确的有（  ）。,出本线时按照“出X道呼叫X道”、返调车信号时按照“进X道呼叫X道”的方式进行联控。,执行车调联控时，遇一方未主动联控，另一方应及时补控。,作业中调车信号开放后，联系不上（联控不清除外）时，不得盲目动车。,执行车调联控作业后，负责前方进路的司机或调车人员应由近及远逐个确认进路上调车信号显示正确，严禁臆测。,ABD,,,,,,,,,,,,,,,,,,,,,,,
2251,京铁安监〔2015〕58号文规定：车调联控作业，下列说法正确的有（  ）。,作业中当返尽头线、有车线时，执行车调联控作业时车站值班员还应提示司机注意，用语为“尽头线（有车线）注意安全”，司机应及时应答。,作业中遇临时变更调车进路时，必须先停止作业，由车站值班员向司机和调车人员传达清楚后再进行作业。,作业中遇临时变更调车进路时，必须先停止作业，由车站值班员向司机和调车人员传达清楚后再进行作业。,在分路不良区段的作业，排列调车进路前，车站值班员（列车调度员）必须确认调车列、单机（包括动车组、自轮运转特种设备）的位置，不能确认调车列、单机位置时，不得排列调车进路。,ABCD,,,,,,,,,,,,,,,,,,,,,,,
2252,京铁安监〔2015〕58号文规定：（  ），由车站值班员（列车调度员）与司机进行车调联控作业；调车作业推进运行，由车站值班员与调车人员进行车调联控作业。,机车车辆压信号机绝缘原路返回,调车作业牵引运行,单机（动车组）出入库,机车（动车组）转线,BCD,,,,,,,,,,,,,,,,,,,,,,,
2253,京铁安监〔2015〕58号文规定：牵引（单机）、推进越区转场的作业，下列车调联控规定正确的是（  ）。,呼叫时机：当前调车信号开放后。联控用语：车站值班员：“XX调（次），去X场（站）调车信号开放好”。司机（调车人员）：“XX调（次）去X场（站）调车信号开放好，XX调（次）明白”。在执行正常车调联控后，车站值班员还应提示司机或调车人员注意确认前方X场（站）的调车信号，用语为：“注意X场（站）调车信号”，司机或调车人员应及时应答。,"呼叫时机：调车列（单机）接近时。
联控用语：车站值班员：“XX（次）调，X场（站）X道（停车）调车信号开放好”。司机（调车人员）：“XX（次）调X场（站）X道（停车）调车信号开放好，XX（次）调明白”。
","呼叫时机：司机（调车人员）请求开放调车信号或调车信号开放后补控时。联控用语：司机（调车人员）：“XX场（站），XX（次）调联控”。
车站值班员：“XX（次）调，（去）（X场/站）请等待（X场X道[停车]调车信号开放好）”。
",呼叫时机：当前调车信号开放后。联控用语：车站值班员：“XX调（次），去X场（站）调车信号开放好”。司机（调车人员）：“XX调（次）去X场（站）调车信号开放好，XX调（次）明白”。在执行正常车调联控后，车站值班员还应提示司机或调车人员注意确认前方X场（站）的调车信号，用语为：“注意X场（站）信号”，司机或调车人员应及时应答。,ABC,,,,,,,,,,,,,,,,,,,,,,,
2254,京铁师〔2008〕95号文规定：车站轨道电路区段分路不良期间，车站值班员办理有关接发列车或调车作业时，下列规定正确的是（  ）。,办理列车（调车）进路前必须首先通过行车日志或人工确认轨道电路分路不良区段道岔开通位置。,办理列车（调车）进路前必须首先通过行车日志或人工确认轨道电路分路不良区段空闲。,信号开放后，必须将进路上分路不良区段内道岔单操锁闭。,站内调车作业时，必须通过列车无线调度电话与机车乘务员或调车人员联控，在得到机车、车辆确已出清分路不良区段的汇报后，方准排列下一进路。,BCD,,,,,,,,,,,,,,,,,,,,,,,
2255,京铁师〔2008〕95号文规定：车站轨道电路区段分路不良期间，车站值班员办理有关接发列车或调车作业时，下列规定正确的是（  ）。,必须在确认列车或机车、车辆全部进入或出清分路不良线路和全部出清分路不良的区段后，方可解除道岔单锁。,原则上不准在分路不良区段上停放机车、车辆。,遇必须在分路不良的线路上停放车辆时，车站值班员要将线路两端道岔扳向不能进入该线的位置。,信号开放后，必须将进路上分路不良区段内道岔单操锁闭。,ABD,,,,,,,,,,,,,,,,,,,,,,,
2256,京铁师〔2007〕158号文规定：遇车站TDCS故障不能使用时，下列规定正确的是（  ）。,车站值班员应及时报告列车调度员,通知信号工区,按规定在运统-46上登记,车站值班员不需要报告列车调度员,ABC,,,,,,,,,,,,,,,,,,,,,,,
2257,京铁师〔2007〕158号文规定：遇车站TDCS故障不能使用时，下列规定正确的是（  ）。,此时，列车调度员对该站（场）调度命令、日班计划、阶段计划的发布、下达，应恢复原手工操作方法。,信号工区应按行车设备故障及时处理并报告电务段调度和TDCS维修机构,故障和恢复都应按规定在运统-46上登记销点。,列车调度员发现TDCS故障时，应及时通知局TDCS维护中心进行处理。,ABCD,,,,,,,,,,,,,,,,,,,,,,,
2258,京铁运电[2013]691号文规定：普速铁路发现车站或区间非列车占用轨道电路红光带时，下列规定正确的是（  ）。,车务部门通知工务、电务部门检查,待工务、电务部门检查确认，得到口头通知后即可组织行车。,发现区间非列车占用轨道电路红光带时，当工务确认具备放行列车条件后，即可放行列车。,自动闭塞区间严格执行《技规》第316条等规定。,ACD,,,,,,,,,,,,,,,,,,,,,,,
2259,京铁师〔2014〕381号文规定：非汛期严重晃车后，车站值班员要切实掌握后续列车运行情况，后续首列不得放行（  ），确须放行时，待工务部门现场检查确认后，按工务登记的条件组织列车运行。,旅客列车,军用列车,超长列车,超限列车,AB,,,,,,,,,,,,,,,,,,,,,,,
2260,京铁师〔2014〕381号文规定：非汛期车站值班员接到司机的严重晃车的报告后，下列规定正确的是（  ）。,立即通知关系车站，并通知工务部门进行检查，报告列车调度员。,列车调度员要加强与车站值班员的联系，做好调整列车运行的准备。,车站值班员要切实掌握后续列车运行情况，后续首列不得放行旅客列车或军用列车，确须放行时，待工务部门现场检查确认后，按工务登记的条件组织列车运行。,车站值班员要切实掌握后续列车运行情况，后续首列不得放行旅客列车或军用列车，确须放行时，列车调度员应发布限速25km/h的调度命令。,ABC,,,,,,,,,,,,,,,,,,,,,,,
2261,京铁师〔2014〕381号文规定：非汛期严重晃车后对已进入区间的后续首列为旅客列车或军用列车，车站值班员通知列车机车乘务员（动车组司机）在晃车里程前200m处停车检查后，下列规定正确的是（  ）。,检查未发现异常情况，列车调度员发布限速25km/h的调度命令，限速位置按汇报的晃车里程前后各加200m确定，列车以不超过25km/h的速度通过检查地段。,检查未发现异常情况，车站值班员通知司机限速25km/h通过检查地段。,发现异常时，司机立即将有关情况向车站值班员报告，列车不得再行移动，待工务部门现场处置完毕后，车站值班员按工务登记的条件组织列车运行。,发现异常时，司机立即将有关情况向车站值班员报告，列车不得再行移动，待列车调度员发布限速25km/h的调度命令，限速通过检查地段。,AC,,,,,,,,,,,,,,,,,,,,,,,
2262,京铁师〔2015〕535号文规定：遇集中联锁道岔失去表示经道岔扳动试验，道岔表示不能恢复时，设有电务工区的集中联锁车站，车站值班员（列车调度员）通知（  ）人员进行检查处理，在运统-46上登记，并根据设备单位的登记组织行车。,工务,电务,供电,公安,AB,,,,,,,,,,,,,,,,,,,,,,,
2263,京铁师〔2014〕577号文规定：遇站内股道列车占用丢失报警、车站值班员（列车调度员）发现或得到站内列车占用丢失信息时，应（  ）。经电务部门检查处理后，按照电务部门登记的行车限制条件组织行车。,立即停止使用该故障区段,联系司机询问列车位置和现场情况,通知电务部门处理,立即减少使用该故障区段次数,ABC,,,,,,,,,,,,,,,,,,,,,,,
2264,京铁师〔2014〕577号文规定：单机（  ）时，司机须立即通知两端站车站值班员（列车调度员）报告停车位置（具备移动条件时司机须先将机车移动不少于15 m），并在轨道电路调谐区外使用短路铜线短接轨道电路。,在自动闭塞区间停车,在自动闭塞区间紧急制动停车,被迫停在调谐区内,在半自动闭塞区间紧急制动停车,BC,,,,,,,,,,,,,,,,,,,,,,,
2265,京铁师〔2014〕577号文规定：单机在自动闭塞区间紧急制动停车或被迫停在调谐区内时，下列规定正确的是（  ）。,司机须立即通知两端站车站值班员（列车调度员）报告停车位置（具备移动条件时司机须先将机车移动不少于15 m），并在轨道电路调谐区外使用短路铜线短接轨道电路。,车站值班员（列车调度员）得到司机的报告后，应立即通知追踪该单机运行的列车停车，并不得再向该区间放行列车。车站值班员（列车调度员）得到停车的单机由停车位置起动后，通知停车列车注意运行。,追踪单机运行的列车接到车站值班员（列车调度员）要求立即停车的通知后，必须立即停车，停车后不得擅自起动列车，按车站值班员（列车调度员）的指示办理。,车站值班员（列车调度员）得到司机的报告后，应立即通知追踪该单机运行的列车注意运行，并不得再向该区间放行列车。,ABC,,,,,,,,,,,,,,,,,,,,,,,
2266,京铁师〔2014〕577号文规定：（  ）后，第一列为单机时，后续首列按站间区间掌握行车。,施工、电务维修天窗结束,施工、维修天窗结束,降雨封锁区间线路开通,救援封锁区间线路开通,BC,,,,,,,,,,,,,,,,,,,,,,,
2267,京铁师〔2014〕577号文规定：下列规定正确的是（  ）。,区间成段更换钢轨造成轨道电路分路不良，车站值班员确认电务分路不良登记后，立即报告列车调度员，仍按自动闭塞法行车，第一列为单机时，后续首列按站间区间办理行车。,动车组前行列车为单机时，动车组按站间区间掌握行车。,施工、维修天窗结束以及降雨封锁区间线路开通后，第一列为单机时，后续首列按站间区间掌握行车。,区间成段更换钢轨造成轨道电路分路不良，车站值班员确认电务分路不良登记后，立即报告列车调度员，仍按自动闭塞法行车，第一列为单机时，后续首列按站间区间掌握行车。,BCD,,,,,,,,,,,,,,,,,,,,,,,
2268,京铁师〔2014〕577号文规定：区间成段更换钢轨造成轨道电路分路不良的行车办法，下列规定正确的是（  ）。,工务部门在更换钢轨前，须对钢轨顶面的浮锈、杂物进行清理。,电务部门在施工开通前，须对轨道电路电特性进行测试。轨道电路分路不良时，在车站《行车设备检查登记簿》内登记“××km+××m—××km+××m因工务换轨，经测试分路不良”；车站值班员进行签认后，电务人员再进行施工销点。,在控制台一、二离去区段换轨产生分路不良时，由现场工务防护人员确认出清换轨地段后，向工务驻站人员汇报，驻站人员向车站值班员汇报，车站开放信号放行列车。,开通后每趟列车通过轨道电路分路不良地段后，电务人员应进行测试，符合标准后，电务人员应及时销记。,ABCD,,,,,,,,,,,,,,,,,,,,,,,
2269,京铁师〔2014〕577号文规定：施工、维修天窗结束以及降雨封锁区间线路开通后，单机在自动闭塞区段运行时，（  ）到行车室通过TDCS系统终端对单机运行情况进行盯控，如发现列车占用丢失现象时应继续盯控，直至列车占用丢失现象消除。,机务人员,工务人员,车务干部或胜任人员,电务人员,CD,,,,,,,,,,,,,,,,,,,,,,,
2270,京铁师〔2014〕577号文规定：施工、维修天窗结束以及降雨封锁区间线路开通后，单机在自动闭塞区段运行时，下列规定正确的是（  ）。,车务干部或胜任人员、电务人员到行车室通过TDCS系统终端对单机运行情况进行盯控，如发现列车占用丢失现象时应继续盯控，直至列车占用丢失现象消除。,车站值班员应及时通知电务人员，盯岗人员到岗后要向列车调度员报到。,列车调度员通过列调台TDCS系统终端对单机运行情况重点掌握。,CTC区段，由列车调度员进行重点盯控，调度所值班干部抽查。,ABCD,,,,,,,,,,,,,,,,,,,,,,,
2271,京铁师〔2009〕645号《车机联控作业》车机联控使用设备包括：（  ）等。,列车无线调度通信设备的调度台、车站台、机车台,列车无线调度通信设备的调度台、车站台、机车台、便携台,铁路数字移动通信系统（GSM-R）的调度台、值班台、手持终端,通信记录装置,BCD,,,,,,,,,,,,,,,,,,,,,,,
2272,京铁师〔2009〕645号《车机联控作业》通信记录装置纳入值班员交接班及班中检查内容，（  ），并做好交接班检查记录。,确认通话质量,核对班次,确认录音功能,核对时钟,CD,,,,,,,,,,,,,,,,,,,,,,,
2273,京铁师〔2009〕645号《车机联控作业》车机联控设备配备、使用与管理，下列规定正确的是（  ）。,列车无线调度通信设备（调度台、车站台、机车台）均应安装通信记录装置，配备转录设备、使用稳定可靠的电源，保证设备不间断工作。,"
在运用状态中，任何人不应随意关机、移动、拔掉接线插头。站段在通信记录装置通道使用上，应保持各站通道使用的一致性。
",列车无线调度通信设备车站台的通信记录装置应保持日常录音状态良好，并应安装在易于值班员确认的地方。,参与车机联控人员配备的列车无线调度通信设备的便携台应保持日常使用性能良好，作业中应能够主动打开同频率的车站台或机车台。,ABCD,,,,,,,,,,,,,,,,,,,,,,,
2274,京铁师〔2009〕645号《车机联控作业》（  ）无线调度通信设备机车台故障时不准出库上线运行。,动车,机车,动车组,自轮运转特种设备列车,BCD,,,,,,,,,,,,,,,,,,,,,,,
2275,京铁师〔2009〕645号《车机联控作业》车机联控设备配备故障处理，下列规定正确的是（  ）。,列车无线调度通信设备车站台发生故障时，车站值班员应及时通知铁通和相关维修人员，并按《铁路技术管理规程》规定填写《行车设备检查登记簿》（运统－46），维修人员修复后消记。,车站既有的通信记录装置主机部分由车务站段负责，通信记录装置主机电源供电、录音连接线及插头、远程查询电话线及插头由铁通负责。,车站通信记录装置发生故障时，应填写《行车设备检查登记簿》（运统－46），车站有关人员应配合铁通维修人员进行简单处理，并及时报告站段主管科室。,需要更换设备时，由站段主管科室负责组织更换，更换时间直属站不超过3小时、车务段不超过12小时。,ABCD,,,,,,,,,,,,,,,,,,,,,,,
2276,京铁师〔2009〕645号《车机联控作业》车机联控设备配备故障处理，下列规定正确的是（  ）。,需要更换设备时，由站段主管科室负责组织更换，更换时间直属站不超过3小时、车务段不超过12小时。,车站既有的通信记录装置主机部分由车务站段负责，通信记录装置主机电源供电、录音连接线及插头、远程查询电话线及插头由铁通负责。,"列车无线调度通信设备机车台在运行中发生故障时，列车应在前方站停车报告,取得调度命令后方可继续运行。",列车无线调度通信设备车站台故障后，车站可临时使用便携台维持车机联控作业和通信联络的畅通（但规章要求车站通信记录装置必须良好情况下的各种作业，禁止使用便携台转达）。,ABCD,,,,,,,,,,,,,,,,,,,,,,,
2277,京铁师〔2009〕645号《车机联控作业》严肃电台使用纪律，禁止使用电台闲谈。车机联控时，应做到（  ）。,用语准确、吐字清晰,使用普通话,发音准确、吐字清晰,使用简捷语,AB,,,,,,,,,,,,,,,,,,,,,,,
2278,京铁师〔2009〕645号《车机联控作业》列车无线调度通信设备使用后应挂机到位。接到被动通信信令时，应注意是否为司机、道口工、车站值班员、巡守人员等通报（  ）的临时呼叫，严禁习惯性挂机。,停车地点,要求紧急停车,停车时间,要求注意瞭望,AB,,,,,,,,,,,,,,,,,,,,,,,
2279,京铁师〔2009〕645号《车机联控作业》车机联控设备使用要求，下列规定正确的是（  ）。,参与车机联控的人员应严格执行车机联控作业标准，正确操作列车无线调度通信设备、录音设备，经培训后即可上岗。,车机联控时，应注意联控时机，减少同频干扰现象。,当车机联控时，遇到其他同频正在通报安全信息、转达调度命令等作业，应注意避让，不应强行中断他人的通话。,参与车机联控的人员应严格执行车机联控作业标准，正确操作列车无线调度通信设备、录音设备，经培训合格后方可上岗。,CBD,,,,,,,,,,,,,,,,,,,,,,,
2280,京铁师〔2009〕645号《车机联控作业》车机联控设备使用要求，下列规定正确的是（  ）。,车机联控时，应注意联控时机，减少同频干扰现象。,当车机联控时，遇到其他同频正在通报安全信息、转达调度命令等作业，应注意避让，不应强行中断他人的通话。,多方向同频区段，司机遇到车站正在与其他列车进行车机联控时，不应强行插入进行联控。,多方向同频区段，司机遇到车站正在与其他列车进行车机联控时，可强行插入进行联控。,ABC,,,,,,,,,,,,,,,,,,,,,,,
2281,京铁师〔2009〕645号《车机联控作业》车机联控设备使用要求，下列规定正确的是（  ）。,静态车机联控作业要礼让动态车机联控作业。,参与车机联控人员的范围不得随意扩大，确需扩大时，报路局安全监察室审批。,未经批准，任何单位和个人不得擅自加入列车无线调度通信设备进行通话。,参与车机联控人员的范围不得随意扩大，确需扩大时，报站段安技科审批。,ABC,,,,,,,,,,,,,,,,,,,,,,,
2282,京铁师〔2009〕645号《车机联控作业》车机联控重要信息有（  ）。,列车司机、车站值班员未按标准用语呼唤应答。,"线路不良、列车严重晃车；塌方落石或线路上有障碍物等严重危及行车安全的情况。
",机车、车辆燃轴或配件脱落。,"列车火灾或货物装载不良、坠落。
",BCD,,,,,,,,,,,,,,,,,,,,,,,
2283,京铁师〔2009〕645号《车机联控作业》车机联控重要信息有（  ）。,列车司机、车站值班员联控呼叫三次以上应答。,"列车无线调度通信设备车站台和机车台、列控车载设备及地面设备、机车信号、列车运行监控记录装置、通信记录装置、区间通过信号机、列车尾部安全防护装置故障。
","未执行列车在区间被迫停车（包括可能侵入邻线），列车司机呼叫车站、追踪列车或邻线列车的作业；未执行车站得到司机被迫停车（包括可能侵入邻线）报告后，车站呼叫追踪列车司机或邻线列车司机的作业。
","未执行线路发生险情的作业。
",BCD,,,,,,,,,,,,,,,,,,,,,,,
2284,京铁师〔2009〕645号《车机联控作业》车机联控重要信息有（  ）。,"联控时没有避开正在进行的车机联控而插入通话。
","未执行道口发生险情的作业。
","核对限速命令内容不符或无限速命令。
","地面限速牌限速值(设置地点)与调度命令不符。
",BCD,,,,,,,,,,,,,,,,,,,,,,,
2285,京铁师〔2009〕645号《车机联控作业》车机联控重要信息有（  ）。,"未在规定地点进行车机联控。
",地面限速牌较调度命令规定时间提前（延后）设立或到时未撤除。,列车司机、车站值班员、运转车长错呼错答车次、经路（进路）或方向。,未执行通报安全信息的相关作业。,BCD,,,,,,,,,,,,,,,,,,,,,,,
2286,京铁师〔2009〕645号《车机联控作业》车机联控重要信息有（  ）。,"规定车站主动呼叫作业车站未主动呼叫。
",未执行通报设备故障信息的相关作业。,"无故不执行车机联控。
","列车司机、车站值班员未按标准用语呼唤应答。
",BC,,,,,,,,,,,,,,,,,,,,,,,
2287,京铁师〔2009〕645号《车机联控作业》车机联控一般信息有（  ）。,"列车司机、车站值班员未按标准用语呼唤应答。
","列车司机、车站值班员联控呼叫三次以上应答。
","联控时没有避开正在进行的车机联控而插入通话。
","无故不执行车机联控。
",ABC,,,,,,,,,,,,,,,,,,,,,,,
2288,京铁师〔2009〕645号《车机联控作业》车机联控一般信息有（  ）。,"未在规定地点进行车机联控。
","规定车站主动呼叫作业车站未主动呼叫。
","使用电台闲谈。
","未执行线路发生险情的作业。
",ABC,,,,,,,,,,,,,,,,,,,,,,,
2289,"京铁师〔2009〕645号《车机联控作业》车站得到司机钢轨擦伤报告后，通知后续列车限速运行车机联控用语及注意事项（  ）。
","车站值班员:“XX（次）XX（站）呼叫,区间[站内] XX公里XX米（处）钢轨擦伤，前后80米限速XX公里”。
列车司机:“区间[站内] XX公里XX米（处）钢轨擦伤，前后80米限速XX公里，XX次司机明白”。
","车站值班员:“XX（次）XX（站）呼叫,区间[站内] XX公里XX米（处）钢轨擦伤，前后50米限速XX公里”。
列车司机:“区间[站内] XX公里XX米（处）钢轨擦伤，前后50米限速XX公里，XX次司机明白”。
","
注: 车站在工务人员检查确认前，按不大于80公里/小时放行后续列车。
车站在工务人员确认放行速度后，按照工务人员要求或运统-46登记的限速放行后续列车。","
注: 车站在工务人员检查确认前，按不大于50公里/小时放行后续列车。
车站在工务人员确认放行速度后，按照工务人员要求或运统-46登记的限速放行后续列车。",BC,,,,,,,,,,,,,,,,,,,,,,,
2290,京铁师〔2012〕755号文规定：各相关单位应根据施工路用列车跟随列车进入施工区间的行车办法，制定具体行车办法和施工安全措施，严把（  ）等关键，确保行车和施工安全。,命令,凭证,进站,防护,ABCD,,,,,,,,,,,,,,,,,,,,,,,
2291,京铁师〔2012〕755号文规定：施工路用列车跟随列车进入施工区间的行车办法，下列规定正确的是（  ）。,在自动闭塞区段有计划施工（含接触网检修）时，施工路用列车可跟随最后一趟列车按货物列车追踪间隔进入区间，待前行列车整列到达前方站后，再封锁区间进行施工作业。,在自动闭塞区段有计划施工（含接触网检修）时，施工路用列车可跟随最后一趟列车按货物列车追踪间隔进入区间后，即封锁区间进行施工作业。,追踪进入区间的路用列车进入区间的行车凭证为出站信号机显示的进行信号。在未接到封锁区间的命令前，按自动闭塞法行车，到达指定地点后停车待命。,追踪进入区间的路用列车进入区间的行车凭证为区间封锁调度命令。在未接到封锁区间的命令前，按自动闭塞法行车，到达指定地点后停车待命。,AC,,,,,,,,,,,,,,,,,,,,,,,
2292,京铁师〔2012〕755号文规定：施工中区间和站内正线同时封锁施工时，下列规定正确的是（  ）。,封锁线路上的有关道岔需加锁，咽喉区有作业时还须紧固。,由站内未封锁线路向封锁区间开行路用列车或路用列车由封锁区间进入站内未封锁线路时，均须按列车调度员命令办理。,大型养路机械车组原则上应整列进、出封锁区间。确因作业需要分列进出封锁区间时，须提前制定运行计划，在调度命令中明确，不得随意变更。,由站内未封锁线路向封锁区间开行路用列车或路用列车由封锁区间进入站内未封锁线路时，均须经列车调度员口头准许。,ABC,,,,,,,,,,,,,,,,,,,,,,,
2293,施工中区间和站内正线同时封锁施工时，下列规定正确的是（  ）。,封锁线路上的有关道岔需加锁，咽喉区有作业时还须紧固。,路用列车由区间返回或运行至前方站时，列车须在站外一度停车，司机与车站值班员联控后，凭进站信号或引导（手）信号进站（区间和站内正线同时封锁，路用列车往返运行时除外）。,大型养路机械车组原则上应整列进、出封锁区间。确因作业需要分列进出封锁区间时，须提前制定运行计划，在调度命令中明确，不得随意变更。,路用列车由区间返回或运行至前方站时，列车须在站外一度停车，司机与车站值班员联控后，凭进站信号或引导（手）信号进站（包括区间和站内正线同时封锁，路用列车往返运行）。,ABC,,,,,,,,,,,,,,,,,,,,,,,
2294,京铁师〔2012〕755号文规定：施工行车组织道岔加锁办法，未设反方向设备区段，列车需反方向运行时，（  ）。,所经进路一律排调车信号，锁闭道岔；,不能正排调车信号时，采用现场锁闭的方法,所经进路一律正排调车信号，锁闭道岔；,不能正排调车信号时，采用单操锁闭的方法,CD,,,,,,,,,,,,,,,,,,,,,,,
2295,京铁师〔2012〕755号文规定：施工行车组织道岔加锁办法，下列规定正确的是（  ）。,当联锁失效需对进路上道岔进行地面加锁时，由工务使用规定数量的紧固器，车务钩锁器加锁。分动外锁闭道岔紧固加锁时，工务必须对密贴和斥离尖轨进行紧固（非设备管理单位在营业线施工时，由道岔施工单位负责紧固，工务监护）。燕尾锁式外锁闭道岔由电务加卡块。,可单操的道岔在控制台用单操按钮锁闭。,可用调车信号锁闭接发列车进路。凡控制台失去表示的道岔，车务要派人确认道岔开通位置正确并地面加锁。,禁止使用调车信号锁闭接发列车进路。凡控制台失去表示的道岔，车务要派人确认道岔开通位置正确并地面加锁。,ABC,,,,,,,,,,,,,,,,,,,,,,,
2296,京铁师〔2012〕755号文规定：设备管理单位要加强对施工的监护，实行开通、提速检查签认制度。设备管理单位在施工开通前，必须认真检查设备实际状况，确认满足线路放行列车条件后，及时签认运统－46（计划施工）；车站值班员必须检查运统－46（计划施工）（  ），并逐个确认作业单位全部销点后，方可报告列车调度员开通线路。,是否填记,各施工单位是否签认同意开通,是否填记完整,各设备管理单位是否签认同意开通,CD,,,,,,,,,,,,,,,,,,,,,,,
2297,京铁师〔2012〕755号文规定：扰动道床不能预先轧道的线路、道岔施工，具备下列条件之一时可视为轧道：（  ）。,大型养路机械施工经过稳定车作业,开通后经过重型轨道车牵引的施工列车,开通后经过单机,大型养路机械施工经过检查测量作业,ABC,,,,,,,,,,,,,,,,,,,,,,,
2298,京铁师〔2012〕755号文规定：信号部门进行不影响电务设备正常使用的（  ），按规定登记运统－46（天窗维修）后由车站值班员掌握安排。车、工、电务部门道岔联合整治时道岔转换试验，由电务部门申请登记，车站安排。,道岔转换试验,信号机灯丝报警时转换试验,钢轨生锈区段的轨道电路分路残压测试,配合电力电源切换进行电源屏转换,ABCD,,,,,,,,,,,,,,,,,,,,,,,
2299,京铁师〔2012〕755号文规定：综合维修天窗作业时，必须凭调度命令办理。列车调度员根据车站值班员的报告，在天窗开始前20分钟向有关车站一次性下达准许进行综合维修天窗的调度命令，该命令中应说明准许天窗（  ）。,时间,地点（指线别、起止站名）,项目,设备单位,AB,,,,,,,,,,,,,,,,,,,,,,,
2300,京铁师〔2012〕755号文规定：当在综合维修天窗内（  ）时，必须按封锁区间办法单独发布调度命令。,进行纳入施工计划或电报公布的施工,向区间放行路用列车、轨道车,纳入施工计划或电报公布的维修,工务区间作业,AB,,,,,,,,,,,,,,,,,,,,,,,
2301,京铁师〔2012〕755号文规定：普速铁路车站在行车室（信号楼）、驼峰楼设（  ）。,《行车设备检查登记簿》运统－46二册,《行车设备检查登记簿》运统－46三册,《行车设备施工登记簿》运统－46两册,《行车设备施工登记簿》运统－46三册,BC,,,,,,,,,,,,,,,,,,,,,,,
2302,京铁师〔2012〕755号文规定：《行车设备检查登记簿》运统－46：（  ）。,一册（故障登记）用于站内、区间设备故障登记,一册（加封登记）用于设备、破封、加封登记,一册（点外上线）用于点外上线维修作业登记,一册（计划施工）用于有计划施工登记,ABC,,,,,,,,,,,,,,,,,,,,,,,
2303,京铁师〔2012〕755号文规定：《行车设备施工登记簿》运统－46：（  ）。,一册（故障登记）用于站内、区间设备故障登记,一册（计划施工）用于有计划施工登记,一册（维修天窗）用于行车设备抢修（包括160km/h以上区段设备临时维修）、道岔扳动试验、站段审批的施工（维修）作业等登记,一册（加封登记）用于设备、破封、加封登记,BC,,,,,,,,,,,,,,,,,,,,,,,
2304,京铁师〔2012〕755号文规定：运统－46的登记签认（  ）。,一律使用蓝色圆珠笔或碳黑圆珠笔填写,各种印章均使用红色印油,做到字迹清楚、内容准确、格式对齐、由上及下、由前往后、不留空格、依次填写,登记内容不得涂改,ABCD,,,,,,,,,,,,,,,,,,,,,,,
2305,京铁师〔2012〕755号文规定：维修天窗内只进行维修作业时，在运统－46（维修天窗）上登记，内容包括：（  ）等。,施工时间、地点,项目（填记“维修作业”）,设备名称、施工负责人,影响范围,ABCD,,,,,,,,,,,,,,,,,,,,,,,
2306,京铁师〔2012〕755号文规定：普速铁路运统－46（维修天窗）登记，下列规定正确的是（  ）。,影响车站信、联、闭设备使用的更换、拆装设备的维修作业及换轨、换道岔尖轨等遮断线路的维修作业，作业项目填记实际内容，比照运统－46（计划施工）相关内容登记。,车务站段负责审批的其它施工项目，比照运统－46（计划施工）要求登记，车务站段制定具体签认办法。,电务部门进行不影响电务设备正常使用的道岔转换试验，施工项目填记“维修作业”，影响范围登记具体道岔号码。,影响车站信、联、闭设备使用的更换、拆装设备的维修作业及换轨、换道岔尖轨等遮断线路的维修作业，作业项目填记实际内容，比照运统－46（临时施工）相关内容登记。,ABC,,,,,,,,,,,,,,,,,,,,,,,
2307,京铁师电[2014]3107号文规定：列车运行途中，货物列车车辆走行部有（  ）等严重抱闸（各铁路局可对严重抱闸范围进行补充）情形时，要呼叫司机在就近合适地点停车。司机接到通知后，使用常用制动停车。,冒火、冒烟,车轮、闸瓦发红,车轮抱死、滑行,剧烈振动,ABCD,,,,,,,,,,,,,,,,,,,,,,,
2308,京铁师电[2014]3107号文规定：对列车运行途中的车辆抱闸，货物列车处置要求。对在区间停车的列车，司机对预报抱闸车辆进行确认处置（单班单司机值乘的处置办法由各铁路局制定）。（  ）。,确认车辆无抱闸迹象的按限速60km/h运行至前方站,确认车辆无抱闸迹象的，列车正常运行,确认车辆为抱闸故障时，要关闭截断塞门，拉缓解阀排尽副风缸余风，确认缓解，按限速60km/h运行至前方站,确认车辆为抱闸故障时，按限速60km/h运行至前方站,BC,,,,,,,,,,,,,,,,,,,,,,,