3001,《技规》（普速铁路部分）铁路线路分为正线、站线、到发线、段管线、岔线、安全线及避难线。,错,,
3002,《技规》（普速铁路部分）固定行车设备定期全面检查和专项检查的检查结果记入《行车设备检查登记簿》内。,对,,
3003,《技规》（普速铁路部分）未设联锁而需加锁的道岔不需安装加锁装置。,错,,
3004,《技规》（普速铁路部分）对设有加锁加封的信号设备，应加锁加封，必要时可设置计数器，使用人员应负责其完整。,对,,
3005,《技规》（普速铁路部分）信号机按类型分为色灯信号机、臂板信号机和机车信号机。信号机按用途分为进站、出站、通过、发车进路、预告、接近、遮断、驼峰、驼峰辅助、复示、调车信号机。,错,,
3006,《技规》（普速铁路部分）信号表示器分为道岔、脱轨、进路、发车、发车线路、调车及车挡表示器。,对,,
3007,《技规》（普速铁路部分）进站、通过、接近、遮断信号机，在正常情况下的显示距离不得小于1000m。,对,,
3008,《技规》（普速铁路部分）道岔区内的调车信号机及驼峰调车场内的线束调车信号机须采用高柱信号机。,错,,
3009,《技规》（普速铁路部分）信号机设在列车运行方向的右侧或其所属线路的中心线上空。,错,,
3010,《技规》（普速铁路部分）列车运行速度超过120km/h的区段，设置两段接近区段，在第一接近区段和第二接近区段的分界处，设接近信号机，在第一接近区段入口内100m处，设置机车信号接通标。,对,,
3011,《技规》（普速铁路部分）出站信号机有两个及以上的运行方向，而信号显示不能分别表示进路方向时，应在信号机上装设发车进路表示器。,错,,
3012,《技规》（普速铁路部分）非集中联锁以外的脱轨器及引向安全线或避难线的道岔，设脱轨表示器。,错,,
3013,《技规》（普速铁路部分）编组站、区段站和电源可靠的其他车站，采用集中联锁。列车调度指挥系统（TDCS）和调度集中系统（CTC）区段，车站应采用集中联锁。,对,,
3014,《技规》（普速铁路部分）半自动闭塞、自动站间闭塞及四显示自动闭塞区段，正线上的出站信号机未开放时，进站信号机不能开放通过信号；主体信号机未开放时，预告信号机不能开放。,错,,
3015,《技规》（普速铁路部分）装有转换锁闭器，电动、电液转辙机的道岔，当第一连接杆处（分动外锁闭道岔为锁闭杆处）的尖轨与基本轨间、心轨与翼轨间有2mm及以上水平间隙时，不能锁闭或开放信号机。,错,,
3016,《技规》（普速铁路部分）在双线区段，应采用自动闭塞或自动站间闭塞。,错,,
3017,《技规》（普速铁路部分）站间行车电话及扳道电话，禁止其他电话接入。,对,,
3018,《技规》（普速铁路部分）调度所、车站和机车、动车组装备的列车调度通信设备应连接语音记录装置，对列车调度、站间行车的通话进行录音。,对,,
3019,《技规》（普速铁路部分）电气化区段运行的客车、机械冷藏车等应有“电气化区段禁止攀登”的标识。,错,,
3020,《技规》（普速铁路部分）自轮运转特种设备是在铁路营业线上运行的铁路轨道车、救援起重机、企业自备机车及铁路施工、维修专用车辆（包括架桥机、铺轨机、接触网作业车、大型养路机械等）。,错,,
3021,《技规》（普速铁路部分）轨道车等自轮运转特种设备按列车运行时，轨道车运行控制设备、列车无线调度通信设备应作用良好，运行状态下应满足机车车辆速度的规定。,错,,
3022,《技规》（普速铁路部分）在接触网支柱及距接触网带电部分5000mm范围内的金属结构物须接地。,对,,
3023,《技规》（普速铁路部分）有大型养路机械作业的路基地段，接触网支柱内侧距线路中心距离不小于3100mm。,对,,
3024,《技规》（普速铁路部分）为保证人身安全，除专业人员执行有关规定外，其他人员（包括所携带的物件）与牵引供电设备带电部分的距离，不得小于2000mm。,对,,
3025,《技规》（普速铁路部分）铁路行车组织工作，必须贯彻安全生产的方针，坚持高度集中、统一领导的原则。,对,,
3026,《技规》（普速铁路部分）列车运行图的编制，应在加强货流组织的基础上，最大限度地组织成组、直达运输，合理分配各编组站、区段站的中转工作，减少列车改编次数。,错,,
3027,《技规》（普速铁路部分）行车工作必须坚持集中领导、统一指挥、逐级负责的原则。,对,,
3028,《技规》（普速铁路部分）列车编组计划是铁路行车组织工作的基础。,错,,
3029,《技规》（普速铁路部分）全国铁路的行车时刻，均以北京时间为标准，从零时起计算，实行24小时制。,对,,
3030,《技规》（普速铁路部分）全国各线的列车运行方向，以铁路总公司的规定为准，但枢纽地区的列车运行方向，由调度所规定。,错,,
3031,《技规》（普速铁路部分）调度日（班）计划以外，临时加开或停运列车（单机除外）不需发布调度命令。,错,,
3032,《技规》（普速铁路部分）临时利用本务机车调车作业须发布调度命令。,对,,
3033,《技规》（普速铁路部分）对跨局的列车，更换机车或变更限速条件时，应由铁路总公司列车调度员重新发给相关调度命令。,错,,
3034,《技规》（普速铁路部分）有计划的施工，涉及限速、行车方式发生变化或设备变化时应发布运行揭示调度命令，司机按运行揭示调度命令执行。,对,,
3035,《技规》（普速铁路部分）列车运行等级顺序：1）动车组列车；（2）特快旅客列车；（4）快速旅客列车；（3）特快货物班列；（5）普通旅客列车；（6）军用列车；7）货物列车；（8）路用列车。,错,,
3036,《技规》（普速铁路部分）在多线区间，列车应按左侧单方向运行。,错,,
3037,《技规》（普速铁路部分）旅客列车仅在正方向区间的线路封锁施工、发生自然灾害或因事故中断行车等特殊情况下，经铁路局调度所值班主任准许，方可反方向运行。,对,,
3038,《技规》（普速铁路部分）站内线路的道岔及车站与其他单位所管线路相衔接的道岔（包括防护道岔），由公务部门负责管理。,错,,
3039,《技规》（普速铁路部分）电动转辙机手摇把，要实行统一编号、集中管理，建立登记签认制度。集中操纵道岔的清扫分工由铁路总公司规定。,错,,
3040,《技规》（普速铁路部分）道岔的定位规定双线车站正线进站道岔，为各该正线开通的位置。,对,,
3041,《技规》（普速铁路部分）车有关人员，在任职、提职、改职前，必须按照铁路职业技能培训规范要求，进行拟任岗位资格性培训，并经职业技能鉴定和考试考核，取得相应职业资格证书和岗位培训合格证书后，方可任职。,对,,
3042,《技规》（普速铁路部分）行车有关人员在执行职务时，必须坚守岗位，穿着规定的服装，佩戴易于识别的证章或携带相应证件，讲普通话。,对,,
3043,《技规》（普速铁路部分）行车有关人员，在任职期间，须按照铁路职业技能培训规范等规定，进行拟任岗位资格性培训。,错,,
3044,《技规》（普速铁路部分）列车应按本规程、列车编组计划和列车运行图规定的编挂条件、车组、车牵引力、区段内线路状况、重量或长度编组。,错,,
3045,《技规》（普速铁路部分）列车长度应根据运行区段内各站到发线的有效长，并须预留50m的附加制动距离确定。,错,,
3046,《技规》（普速铁路部分）局管内旅客列车经调度所值班主任批准，可不隔离。,错,,
3047,《技规》（普速铁路部分）单组动车组运用状态下不得解编，两组短编组同型动车组可重联运行。救援等特殊情况下，两组不同型号的动车组可重联运行。,对,,
3048,《技规》（普速铁路部分）超过检修期限的动车组禁止上线运行。,错,,
3049,《技规》（普速铁路部分）由于装载的货物需停止自动制动机的作用，而未停止的禁止编入列车。,对,,
3050,《技规》（普速铁路部分）装载危险、易燃等货物的车辆编入列车的隔离限制，按《铁路列车编组计划》执行。,错,,
3051,《技规》（普速铁路部分）装有密接式车钩的客车原则上应附挂旅客列车回送。需附挂货物列车回送时，不得超过10辆，其后编挂的其他车辆不得超过1辆。,对,,
3052,《技规》（普速铁路部分）尾部车辆软管的吊起，有列检作业的列车由列检人员负责，无列检作业的列车由车务人员负责。,对,,
3053,《技规》（普速铁路部分）旅客列车列尾装置尾部主机的安装与摘解、风管及电源的连结与摘解，由车辆部门负责。,对,,
3054,《技规》（普速铁路部分）货物列车列尾装置尾部主机的安装与摘解，由列检人员负责。,错,,
3055,《技规》（普速铁路部分）工作机车应挂于列车头部，正向运行（牵引小运转、路用、救援列车的机车除外）；无转向设备的，禁止逆向运行。,错,,
3056,《技规》（普速铁路部分）双机或多机牵引时，本务机车的职务由第一位机车担当。,对,,
3057,《技规》（普速铁路部分）旅客列车遇特殊情况须附挂跨铁路局的回送机车时，按铁路总公司调度命令办理。,对,,
3058,《技规》（普速铁路部分）回送机车，应挂于本务机车前位或次位，挂有重联机车时为重联机车前位或次位。20‰及以上坡道的区段，禁止办理机车专列回送。,错,,
3059,《技规》（普速铁路部分）单机挂车的辆数，线路坡度不超过12‰的区段，以10辆为限；超过12‰的区段，由铁路局规定。,对,,
3060,《技规》（普速铁路部分）列检作业场所在站编组始发的列车中，准许有制动故障关门车。,错,,
3061,《技规》（普速铁路部分）关门车不得挂于机车后部三辆车之内；在列车中连续连挂不得超过两辆；列车最后一辆不得为关门车；列车最后第二、三辆不得连续关门。,对,,
3062,《技规》（普速铁路部分）旅客列车、特快货物班列不准编挂关门车。在运行途中（包括在站折返）如遇自动制动机临时故障，在停车时间内不能修复时，应甩车处理。,错,,
3063,《技规》（普速铁路部分）列车中车辆的连挂，由调车作业人员负责。软管的连结，有列检作业的始发列车由列检人员负责；无列检作业的，由调车作业人员负责。,对,,
3064,《技规》（普速铁路部分）动车组采用机车调车作业时，随车机械师或动车段（所）胜任人员负责过渡车钩和专用风管的安装与拆卸、电气连接线的连结与摘解并打开车门，调车人员负责车钩连结与摘解、软管摘结。,对,,
3065,"《技规》（普速铁路部分）车机车与第一辆车的连挂，由机车乘务员负责。单班单司机值乘的由列检人员负责；无列检作业的列车，由车辆乘务员负责；无车辆乘务员的列车,由车站人员负责。",对,,
3066,《技规》（普速铁路部分）列车机车与第一辆车的车钩摘解、软管摘结，由机车乘务员负责。,错,,
3067,《技规》（普速铁路部分）旅客列车在途中摘挂车辆时，车辆的摘挂和软管摘结，由车辆乘务员负责。,错,,
3068,《技规》（普速铁路部分）列车机车与动车组过渡车钩的连结与摘解、软管摘结、电气连接线的连结与摘解，由调车人员负责。,错,,
3069,《技规》（普速铁路部分）其他旅客列车运行途中遇车辆空气弹簧故障时，运行速度不得超过80km/h。,错,,
3070,《技规》（普速铁路部分）动车组列车运行途中遇空气弹簧故障时，运行速度不得超过160km/h（CRH2、CRH380A/AL型为120km/h）。,对,,
3071,《技规》（普速铁路部分）采用密接式车钩的旅客列车，在运行途中因故障更换15号过渡车钩后，运行速度不得超过120km/h。,错,,
3072,《技规》（普速铁路部分）旅客列车库内检修作业应进行简略试验。,错,,
3073,《技规》（普速铁路部分）列检作业场对运行途中自动制动机发生故障的到达列车应进行全部试验。,对,,
3074,《技规》（普速铁路部分）列车摘挂补机，或第一机车的自动制动机损坏交由第二机车操纵时应进行全部试验。,错,,
3075,《技规》（普速铁路部分）旅客列车出库前应进行持续一定时间的全部试验。,对,,
3076,《技规》（普速铁路部分）长大下坡道为：线路坡度超过6‰，长度为8km及以上；线路坡度超过12‰，长度为5km及以上；线路坡度超过20‰，长度为2km及以上。,对,,
3077,《技规》（普速铁路部分）动车组办理编组顺序表交接。,错,,
3078,《技规》（普速铁路部分）动车组以外的旅客列车途中摘挂车辆时，车站负责修改列车编组顺序表。,对,,
3079,《技规》（普速铁路部分）车站的调车工作，应按车站的技术作业过程及调车作业计划进行。,对,,
3080,《技规》（普速铁路部分）调车工作要固定作业区域、线路使用、调车机车、人员、班次、交接班时间、交接班地点、工具数量及其存放地点。,对,,
3081,《技规》（普速铁路部分）调车机车越区作业的联系和防护办法，应在《技规》内规定。,错,,
3082,《技规》（普速铁路部分）无线调车灯显设备严禁与列车运行监控装置配合使用。,错,,
3083,《技规》（普速铁路部分）动车段（所）调车工作的领导及指挥由铁路局规定。,对,,
3084,《技规》（普速铁路部分）利用本务机车进行调车作业时，可由车站值班员或调车区长担任指挥工作。,错,,
3085,《技规》（普速铁路部分）调车指挥人应正确及时地编制、布置调车作业计划。,错,,
3086,《技规》（普速铁路部分）调车指挥人应根据调车作业计划制定具体作业方法，连同注意事项，亲自向司机交递和传达。,对,,
3087,《技规》（普速铁路部分）调车作业变更股道时，必须停车传达。,对,,
3088,《技规》（普速铁路部分）驼峰解散车辆，只变更钩数、辆数、股道、下峰作业或向禁溜线送车时，可不通知司机。,错,,
3089,《技规》（普速铁路部分）调车人员不足2人，不准进行调车作业。,对,,
3090,《技规》（普速铁路部分）推进车辆运行时，前方进路的确认由司机负责。,错,,
3091,《技规》（普速铁路部分）在空线上牵引运行时，不准超过40km/h；推进运行时，不准超过30km/h。,对,,
3092,《技规》（普速铁路部分）接近被连挂的车辆时，不准超过3km/h。,错,,
3093,《技规》（普速铁路部分）电力机车、动车组在有接触网终点的线路上调车时，应控制速度，距接触网终点标应有10m的安全距离。,对,,
3094,《技规》（普速铁路部分）调车作业遇天气不良等非正常情况，限速5km/h。,错,,
3095,《技规》（普速铁路部分）线路两旁堆放货物，距钢轨头部外侧不得小于1.5m。站台上堆放货物，距站台边缘不得小于1m。货物应堆放稳固，防止倒塌。,对,,
3096,《技规》（普速铁路部分）手推调车速度不得超过3km/h。,对,,
3097,《技规》（普速铁路部分）禁止在正线、到发线及超过2.5%坡度的线路上（确需手推调车时，须经铁路局批准）。,错,,
3098,《技规》（普速铁路部分）动车组调车作业后端操作时，速度不得超过15 km/h。,对,,
3099,《技规》（普速铁路部分）在正线、到发线上调车时，要经过车站值班员的准许。,对,,
3100,《技规》（普速铁路部分）接发旅客列车时，禁止本务机车在停留线路内摘挂、列车拉道口。,错,,
3101,《技规》（普速铁路部分）单线半自动闭塞区间和双线反方向出站调车时，须有调度命令。,错,,
3102,《技规》（普速铁路部分）跟踪出站调车，只准许在单线区间及多线正方向线路上办理，并须经列车调度员口头准许。,错,,
3103,《技规》（普速铁路部分）跟踪出站调车，最远不得越出站界500m。,对,,
3104,《技规》（普速铁路部分）机车出入段时司机按固定信号或信号机显示的允许运行的信号行车。,错,,
3105,《技规》（普速铁路部分）安全线及避难线上，禁止停留机车车辆；在超过6‰坡度的线路上，不得无动力停留机车车辆。,对,,
3106,《技规》（普速铁路部分）中间站停留车辆，无论停留的线路是否有坡道，均应连挂在一起，拧紧两端车辆的人力制动机，并以铁鞋（止轮器）止轮。,错,,
3107,《技规》（普速铁路部分）列车运行是以车站、线路所所划分的区间及自动闭塞区间的通过信号机所划分的闭塞分区作间隔。,对,,
3108,《技规》（普速铁路部分）站间区间的划分在双线或多线上，车站与车站间以进站信号机柱或通过信号机柱的中心线为车站与区间的分界线。,错,,
3109,《技规》（普速铁路部分）所间区间的划分：两线路所间或线路所与车站间，以该线上的通过信号机柱的中心线为所间区间的分界线。,对,,
3110,《技规》（普速铁路部分）闭塞分区的划分自动闭塞区间同方向相邻的两架色灯信号机间，以该线上的通过信号机柱的中心线为闭塞分区的分界线。,对,,
3111,《技规》（普速铁路部分）电话闭塞法是当自动闭塞法不能使用时所采用的代用闭塞法。,错,,
3112,《技规》（普速铁路部分）遇列车调度电话不通时，闭塞法的变更或恢复，应由该区间两端站的车站值班员确认区间空闲后，直接以电话记录办理。,对,,
3113,《技规》（普速铁路部分）自动站间闭塞设备故障，半自动闭塞设备良好时，可根据调度命令改按电话闭塞法行车。,错,,
3114,《技规》（普速铁路部分）无双向闭塞设备的双线区间反方向发车或改按单线行车时应改用电话闭塞法行车。,对,,
3115,《技规》（普速铁路部分）设有双向闭塞设备的自动闭塞区间，遇轨道电路发生故障，车站值班员必须确认区间空闲后，根据列车调度员命令，使用总辅助按钮改变闭塞方向,对,,
3116,《技规》（普速铁路部分）使用自动闭塞法行车时，列车进入闭塞分区的行车凭证为出站或通过信号机显示的允许运行的信号。,对,,
3117,《技规》（普速铁路部分）自动闭塞区段超长列车头部越过发车进路信号机发车应使用路票。,错,,
3118,《技规》（普速铁路部分）装有容许信号的通过信号机，显示停车信号时，准许铁路局规定停车后起动困难的旅客列车，在该信号机前不停车，按上述速度通过。,错,,
3119,《技规》（普速铁路部分）装有连续式机车信号的列车，遇通过信号机灯光熄灭，停车等候2min后限速20km/h运行。,错,,
3120,《技规》（普速铁路部分）使用自动站间闭塞法行车时，列车凭出站信号机或通过信号机显示的允许运行的信号进入闭塞分区。,错,,
3121,《技规》（普速铁路部分）使用半自动闭塞法行车时，列车凭出站信号机或线路所通过信号机显示的允许运行的信号进入区间。,对,,
3122,《技规》（普速铁路部分）自动闭塞区段，遇超长列车头部越过出站信号机而未压上出站方面的轨道电路发车时，行车凭证为出站信号机显示的允许运行的信号，并发给司机调度命令。,错,,
3123,《技规》（普速铁路部分）使用电话闭塞法行车时，列车占用区间的行车凭证为绿色许可证。,错,,
3124,《技规》（普速铁路部分）单线或双线反方向越出站界调车应发出电话记录号码。,对,,
3125,《技规》（普速铁路部分）电话记录号码自每日0时起至24时止，按日循环编号，编号办法由铁路局规定。,对,,
3126,《技规》（普速铁路部分）双线反方向行车使用路票时，应在路票上加盖“××线行车”章。,错,,
3127,《技规》（普速铁路部分）车站行车室内一切电话中断，双线行车按书面联络法，单线行车按时间间隔法。,错,,
3128,《技规》（普速铁路部分）车站行车室内一切电话中断，列车进入区间的行车凭证均为红色许可证（附件3）。,对,,
3129,《技规》（普速铁路部分）双线按时间间隔法行车时，只准反方向发出列车。,错,,
3130,《技规》（普速铁路部分）一切电话中断后，连续发出同一方向的列车时，两列车的间隔时间，应按区间规定的运行时间另加3min，但不得少于13min。,对,,
3131,《技规》（普速铁路部分）一切电话中断时，禁止发出列车无线调度通信设备故障的列车。,对,,
3132,《技规》（普速铁路部分）单线区间的车站，所有电话呼唤5min无人应答时，列车调度员可封锁相邻区间，按封锁区间办法向不应答站发出列车。,错,,
3133,《技规》（普速铁路部分）旅客列车的尾部标志应使用电灯，动车组以外的旅客列车尾部标志灯的摘挂、保管，由车辆部门负责。,对,,
3134,《技规》（普速铁路部分）遇机车信号、列车运行监控装置（轨道车运行控制设备）发生故障时，在自动闭塞区间，列车运行速度不超过20km/h。,对,,
3135,《技规》（普速铁路部分）遇天气恶劣，信号机显示距离不足200m时，司机或车站值班员须立即报告列车调度员，列车调度员应及时发布调度命令，改按天气恶劣难以辨认信号的办法行车。,对,,
3136,《技规》（普速铁路部分）双管供风旅客列车运行途中发生双管供风设备故障或用单管供风机车救援接续牵引，需改为单管供风时，双管改单管作业应在站内进行。,对,,
3137,《技规》（普速铁路部分）动车组一般情况下不得通过半径小于250m的曲线，通过曲线半径为250m曲线时，限速25km/h。,错,,
3138,《技规》（普速铁路部分）动车组回送按规定进行客列检作业。,错,,
3139,《技规》（普速铁路部分）车站应不间断地接发列车，严格按列车运行图行车。,对,,
3140,《技规》（普速铁路部分）进站信号机外制动距离内，进站方向为超过6‰的下坡道，而接车线末端无隔开设备，只准理相对方向同时接车。,错,,
3141,《技规》（普速铁路部分）遇两列车不能同时接发时，原则上应先发后接。,错,,
3142,《技规》（普速铁路部分）动车组列车在车站办理客运业务时，须固定股道、固定站台、固定停车位置。,对,,
3143,《技规》（普速铁路部分）车站值班员应严格按《列车运行图》规定时机开闭信号机。,错,,
3144,《技规》（普速铁路部分）动车组列车遇特殊情况需变更办理客运业务的固定股道时，须经调度所值班主任（值班副主任）准许。,对,,
3145,《技规》（普速铁路部分）到发线上停留车辆时，须经车站值班员准许，在中间站并须取得列车调度员的准许方可占用，该线路的两端道岔应扳向不能进入的位置并加锁（装有轨道电路除外）。,对,,
3146,《技规》（普速铁路部分）当超长列车尾部停在警冲标外方，接入相对方向的列车时，在进站信号机外制动距离内进站方向为超过6‰的下坡道，而接车线末端设有隔开设备，须使列车在站外停车后，再接入站内。,错,,
3147,《技规》（普速铁路部分）在站内无空闲线路的特殊情况下，只准许接入为排除故障、事故救援、疏解车辆等所需要的救援列车、不挂车的单机及重型轨道车。,对,,
3148,《技规》（普速铁路部分）进站、接车进路信号机不能使用时，应使用引导手信号接车。,错,,
3149,《技规》（普速铁路部分）引导接车时，列车以不超过20km/h速度进站，并做好随时停车的准备。,对,,
3150,《技规》（普速铁路部分）在无联锁的线路上接发列车时，车站值班员除严格按接发列车手续办理外，并应将进路上所有的有关对向道岔及邻线上防护道岔加锁。,错,,
3151,《技规》（普速铁路部分）遇有超长、超限列车、制动力部分切除的动车组列车、单机挂车和货物列车列尾装置灯光熄灭等情况，应通知接车站。,对,,
3152,《技规》（普速铁路部分）动车组列车由列车长确认旅客上下完毕后，通知司机关闭车门。,对,,
3153,《技规》（普速铁路部分）进站信号机及线路所通过信号机发生不能关闭的故障时，应将灯光熄灭或遮住，夜间应在信号机柱距钢轨顶面不低于1.5m处，加挂信号灯，向区间方面显示红色灯光。,错,,
3154,《技规》（普速铁路部分）车站值班员（列车调度员）接到司机通知后，应将区间内列车运行情况通知司机，并立即使用列车无线调度通信设备转告区间内有关列车。在原因消除前不得向邻线放行列车。,错,,
3155,《技规》（普速铁路部分）遗留车辆停留在超过6‰坡度的线路上时不准分部运行。,对,,
3156,《技规》（普速铁路部分）列车退行速度，不得超过15km/h。,对,,
3157,《技规》（普速铁路部分）在降雾、暴风雨雪及其他不良条件下，难以辨认信号时列车不准退行。,对,,
3158,《技规》（普速铁路部分）动车组列车在区间被迫停车后须返回后方站时，运行速度不得超过40km/h，按进站信号机显示进站。,对,,
3159,《技规》（普速铁路部分）当列车调度电话不通时，应由接到救援请求的车站值班员根据救援请求办理，救援列车以车站值班员的命令，作为进入封锁区间的许可。,对,,
3160,《技规》（普速铁路部分）救援列车进入封锁区间后，以在瞭望距离内能够随时停车的速度运行，最高不得超过15km/h。,错,,
3161,《技规》（普速铁路部分）封锁区间施工时，车站值班员根据工务登记，在信号控制台或规定位置上揭挂或摘下封锁区间表示牌。,错,,
3162,《技规》（普速铁路部分）施工特定行车办法：引导接车并正线通过时，准许列车司机凭特定引导手信号的显示，以不超过45km/h速度进站。,错,,
3163,《技规》（普速铁路部分）向施工封锁区间开行路用列车，原则上两端只准进入一列，如超过时，其安全措施及运行办法由铁路局规定。,错,,
3164,《技规》（普速铁路部分）线路状态未恢复到准许放行列车的条件，经调度同意允许撤除防护、放行列车。,错,,
3165,《技规》（普速铁路部分）驻站联络员应与现场防护人员保持联系，如联系中断，现场防护员应加强瞭望继续作业。,错,,
3166,《技规》（普速铁路部分）轻型轨道车过岔速度不得超过15km/h，区间运行最高速度不得超过45km/h。,对,,
3167,《技规》（普速铁路部分）在车站内使用装载较重的单轨小车时，须与车站值班员办理承认手续。,对,,
3168,《技规》（普速铁路部分）正在检修中的设备需要使用时，须经车站值班员同意。,错,,
3169,《技规》（普速铁路部分）对处于闭塞状态的闭塞设备和办理进路后处于锁闭状态的信号、联锁设备，严禁进行检修作业。,对,,
3170,《技规》（普速铁路部分）视觉信号蓝色——按规定速度运行。,错,,
3171,《技规》（普速铁路部分）注意或减速信号显示距离不足800m时应使用夜间信号。 ,错,,
3172,《技规》（普速铁路部分）遮断、遮断预告、复示信号机以无显示为定位。,对,,
3173,《技规》（普速铁路部分）接近信号机、进站预告信号机、非自动闭塞区段通过信号机的预告信号机及通过臂板，以显示注意信号为定位。,对,,
3174,《技规》（普速铁路部分）引导信号应在列车头部越过信号机后及时关闭。,对,,
3175,《行规》（普速铁路部分）集中联锁的道岔所使用的手摇把，应存放在指定地点，并实行统一编号、统一装箱、车务加锁、电务加封、车站保管的制度。,错,,
3176,《行规》（普速铁路部分）集中联锁失效道岔需现场操纵道岔加锁时，车务确认进路正确后，对进路上无联锁的道岔及邻线上无联锁的防护道岔以勾锁器加锁，加锁完毕通知工务以紧固器紧固（非设备维护单位在营业线施工时由施工单位负责紧固）。,对,,
3177,《行规》（普速铁路部分）在 4、5、6、10月份防火季节，装有未经化学防火剂处理的腐朽木材的车辆，挂于局管内摘挂列车或牵引定数不足隔离条件的区段时，应挂于列车后部与牵引机车隔离不少于 1辆。,错,,
3178,《行规》（普速铁路部分）气体类6辆重（空）罐车（含带押运间车辆）以内编为1组。,对,,
3179,《行规》（普速铁路部分）使用货车列尾装置的区段，货物列车尾部不得编挂客车。,对,,
3180,《行规》（普速铁路部分）有动力附挂回送机车，除受桥梁限制必须进行隔离的区段外，应挂于列车前部或后部，回送时不得超过机车最高允许运行速度。,错,,
3181,《行规》（普速铁路部分）如因货物原因关门车超过6％时，有列检作业的列车，由车号人员计算闸瓦压力，并填发制动效能证明书交给司机。,错,,
3182,《行规》（普速铁路部分）如因货物原因关门车超过6％时，无列检作业的列车中间站甩挂车辆时，由车站值班员将关门车数及车种通知司机，司机计算闸瓦压力。,对,,
3183,《行规》（普速铁路部分）每百吨列车重量的实际闸瓦压力为：全列车总闸瓦压力（kN）／列车重量（t）×100。,对,,
3184,《行规》（普速铁路部分）列车技术作业的技检时间不包括摘、挂机车时间。,对,,
3185,《行规》（普速铁路部分）凡发生事故、故障的车辆，车辆人员检查处理后，确认可以正常运行的，在中间站应与车站值班员在《安全协议》上办理签认，车站根据车辆人员“车辆可以正常运行”的签认组织挂运。,错,,
3186,《行规》（普速铁路部分）回送车辆应插检修车回送单（车统 20），挂运时由车站将车统26交司机转送到达站。,错,,
3187,《行规》（普速铁路部分）回送的车辆原则上挂于最后一辆。,错,,
3188,《行规》（普速铁路部分）货物列车遇加挂的车辆因软管故障等情况，不能安装列尾装置时，凭列车调度员的命令开车。,对,,
3189,《行规》（普速铁路部分）使用专用调车机、区域调度机进行调车作业时，车站值班员根据班计划和列车预确报，及时填写调车作业通知单。,错,,
3190,《行规》（普速铁路部分）中间站利用本务机车调车时，调车作业计划由车站值班员根据列车调度员布置的计划及预确报进行编制。,对,,
3191,《行规》（普速铁路部分）中间站利用本务机车调车时，一批作业计划不超过三钩时，可不填写调车作业示意图。,错,,
3192,《行规》（普速铁路部分）自轮运转特种设备由基地成组出入车站，一批作业不超过三钩时，可不使用调车作业通知单。,对,,
3193,《行规》（普速铁路部分）中间站利用本务机车调车一批作业不超过三钩（包括变更）可用口头方式或停轮用电台布置，有关人员必须复诵。,错,,
3194,《行规》（普速铁路部分）货物线、专用线取送作业，经过无人看管的加锁道岔可省略“要道还道”制度。,对,,
3195,《行规》（普速铁路部分）机车车列压道岔牵出或推进运行时（压着进路上的全部道岔时除外），可不执行“要道还道”制度。,错,,
3196,《行规》（普速铁路部分）调车信号机故障时应置于关闭状态或灭灯，车站值班员应通知调车长口头转告司机，应停止作业。,错,,
3197,《行规》（普速铁路部分）集中联锁车站线路因装卸作业等特殊情况准许压轨道绝缘停放车辆。,对,,
3198,《行规》（普速铁路部分）推进连挂有越出警冲标、妨碍邻线调车作业的可能时，如被连挂车辆距前方警冲标不足50 m时，必须与有关人员联系、开通前方进路后才能连挂。,错,,
3199,《行规》（普速铁路部分）正线、到发线、调车线禁止手推调车。,对,,
3200,《行规》（普速铁路部分）货场、货物线及超过2.5‰坡度的线路上原则上不得手推调车，必须手推调车时，车站应制定安全措施，报铁路局批准后纳入《站细》。,对,,
3201,《行规》（普速铁路部分）在同一空线两端禁止相对方向同时溜放、同时推进（含单机运行）或一端溜放一端推进（含单机运行）。,对,,
3202,《行规》（普速铁路部分）同一线路同方向原则上不准连续放行调车车列（包括单机）。,对,,
3203,《行规》（普速铁路部分）.调动旅客列车车底须连结全部软管，并进行全部制动试验。,错,,
3204,《行规》（普速铁路部分）旅客列车到达终到站后，车站值班员立即通知调车指挥人开始作业。,错,,
3205,《行规》（普速铁路部分）调动装有超限及跨装货物车辆时，调车领导人应根据运行限制电报（或调度命令）、车站设备情况制定调车作业计划。,对,,
3206,《行规》（普速铁路部分）对中间挂有游车的跨装货物车辆，通过12号及其以下道岔侧向推送作业时，应匀速推进，速度不得超过5km/h。,错,,
3207,《行规》（普速铁路部分）北京铁路局禁止办理跟踪出站调车作业。,对,,
3208,《行规》（普速铁路部分）编组站、区段站到发线的到达列车，停留时间超过2h或到发线坡度超过1.5‰时，车站作业人员须拧紧两端车辆的人力制动机或以铁鞋（止轮器）牢靠固定。,对,,
3209,《行规》（普速铁路部分）尽头式车站正线禁止停留车辆。,错,,
3210,《行规》（普速铁路部分）编组站、区段站调车线（驼峰下的调车线除外）停留车辆时，线路坡度不超过2.5‰时，车站作业人员拧紧线路两端车辆的人力制动机，并以铁鞋（止轮器）牢靠固定。,错,,
3211,《行规》（普速铁路部分）编组站、区段站在到发线、调车线以外的线路上停留车辆，不进行调车作业时，应连挂在一起，线路坡度不超过2.5‰时，车站作业人员拧紧两端车辆的人力制动机或以铁鞋（止轮器）牢靠固定。,对,,
3212,《行规》（普速铁路部分）中间站停留车辆，无论停留的线路是否有坡道，均应连挂在一起，车站作业人员拧紧两端车辆的人力制动机或以铁鞋（止轮器）牢靠固定。,错,,
3213,《行规》（普速铁路部分）电气化区段三等及其以上且配有专用调车机的中间站，在坡度不超过1.5‰的到发线上停留车辆时，可执行“单防溜”的规定，由车站制定防溜措施，纳入《站细》。,对,,
3214,《行规》（普速铁路部分）在始发、终到及换挂机车的车站到发线停留的客车底，停留时间超过2h或线路坡度超过1.5‰时，须按规定采取防溜措施。,错,,
3215,《行规》（普速铁路部分）一批调车作业中临时停留的车辆，坡度超过2.5‰时，可在下坡端采取防溜措施。,对,,
3216,《行规》（普速铁路部分）无火回送的机车或自轮运转特种设备（含重联、成组）在站单独停留时，车站作业人员使用止轮器防溜，有机车乘务员时机车乘务员负责拧紧机车或自轮运转特种设备的人力制动机。,错,,
3217,《行规》（普速铁路部分）电气化区段不能采用人力制动机防溜时，应使用铁鞋（止轮器、防溜枕木）防溜。,错,,
3218,《行规》（普速铁路部分）机车入厂、段修单机运行、机车乘务员不熟悉区段设备时，应由车站指派带道人员。,错,,
3219,《行规》（普速铁路部分）四显示自动闭塞区段列车在双线双方向区段反方向运行时，按站间区间掌握行车，列车凭路票进入区间。,错,,
3220,《行规》（普速铁路部分）设有双向闭塞设备的自动闭塞区间，遇轨道电路发生故障等情况，车站值班员必须确认区间空闲后，根据列车调度员命令，使用允许反向按钮改变闭塞方向，并在《行车设备检查登记簿》内登记。,错,,
3221,《行规》（普速铁路部分）单线双方向自动闭塞办理行车发车时，发车站在取得接车站同意后，再准备发车进路，开放出站信号。,对,,
3222,《行规》（普速铁路部分）自动闭塞区段，站间只有一架通过信号机，遇该信号机故障时，应按站间区间组织行车。,错,,
3223,《行规》（普速铁路部分）动闭塞区段，装有容许信号的通过信号机显示停车信号时，准许旅客列车不停车，按《技规》第316条的规定运行。,错,,
3224,《行规》（普速铁路部分）线路所通过信号机发生故障时，自动闭塞区段，车站值班员向司机交递绿色许可证，列车凭车站值班员在通过信号机处的手信号显示运行。,对,,
3225,《行规》（普速铁路部分）路票只填写一张交给司机。路票编号应填记在《行车日志》的“记事”栏内。,对,,
3226,《行规》（普速铁路部分）列车由区间返回或在双线反方向及多线区段运行时，须在调度命令中注明，重新填写路票。,错,,
3227,《行规》（普速铁路部分）集中联锁设备禁止办理预排。,对,,
3228,《行规》（普速铁路部分）接车线末端设有延续进路时，车站值班员原则上不得提前解锁延续进路、排列发车进路。,对,,
3229,《行规》（普速铁路部分）有停点的旅客列车，原则上应接入有站台的线路，变更规定线路接车时，经列车调度员准许后，可在站外不停车凭进站信号的显示直接接入站内。,对,,
3230,《行规》（普速铁路部分）遇特殊情况，接发旅客列车临时变更进路必须经过9号道岔侧向时，需经列车调度员准许，列车限速不得超过25 km/h，后方站使用列车无线调度通信设备预告司机。,对,,
3231,《行规》（普速铁路部分）引导进站通过的列车，在闭塞设备、出站信号完好时，闭塞手续办妥后，列车可根据开放的出站信号在站内通过。,对,,
3232,《行规》（普速铁路部分）引导接车向反方向线路发车时（双线双方向自动闭塞区间除外），列车可凭引导信号直接通过。,错,,
3233,《行规》（普速铁路部分）报点时，先报列车实际到开时刻。始发站、终到站还应报早、晚点时分或正点。,对,,
3234,《行规》（普速铁路部分）通过时刻：以列车整列通过车站值班员室的时刻为准。,错,,
3235,《行规》（普速铁路部分）使用列车无线调度通信设备发车时的用语：车站(助理)值班员：“×道××(次)发车”。,错,,
3236,《行规》（普速铁路部分）接发动车组应在规定的股道及站台上办理，接发动车组的股道在《站细》中明确。,错,,
3237,《行规》（普速铁路部分）动车组通过车站时，车站须提前11min停止通过进路上的作业和对列车运行安全有影响的作业。,对,,
3238,《行规》（普速铁路部分）发现动车组列车尾部标志灯光熄灭时，车站值班员应及时报告列车调度员，并通知随车机械师进行处理。,错,,
3239,《行规》（普速铁路部分）接发回送整列客车底列车按旅客列车办理。,错,,
3240,《行规》（普速铁路部分）回送整列客车底列车按调度命令和机车车辆最高运行速度的限制运行。,错,,
3241,《行规》（普速铁路部分）凡由枢纽站开向各支线的小运转列车为下行；由各支线向枢纽站开行的小运转列车为上行。,对,,
3242,《行规》（普速铁路部分）对到达的超长列车，先行试风，再做技检。,错,,
3243,《行规》（普速铁路部分）接发超长列车时的列车停车后，如尾部仍停在警冲标外方或压轨道绝缘时，应按《技规》第358条的规定进行防护。,对,,
3244,《行规》（普速铁路部分）超长列车尾部停于进站信号机外方时，半自动闭塞、自动站间闭塞区段禁止办理区间开通手续。,对,,
3245,《行规》（普速铁路部分）图定旅客列车在车站技术停车变更为通过时，车站值班员使用列车无线调度通信设备通知司机，司机凭信号显示运行。,对,,
3246,《行规》（普速铁路部分）车站接发列车作业人员发现车辆抱闸时，除车轮抱死、滑走等严重情况外，车站值班员或助理值班员使用电台通知司机：“××次司机，机后××位左右有抱闸现象”，同时报告调度员，并通知前方站。,对,,
3247,《行规》（普速铁路部分）绿色（红色）许可证、书面通知、半自动闭塞发车进路通知书及出站、跟踪调车通知书每日自18时开始更换日期。,错,,
3248,《行规》（普速铁路部分）调度命令日期的划分，以零时为界。行车日志以及调度工作有关的各项报告和统计，均于每日零时开始更换日期。,错,,
3249,《行规》（普速铁路部分）接车站接到使用完了的各种书面许可证及通知书，应立即以墨水划“×”注销。,对,,
3250,《行规》（普速铁路部分）车站值班员接到有关人员发现险情的报告后，不得再向该区间放行列车，立即封锁区间，并通知设备管理单位进行检查。,错,,
3251,《行规》（普速铁路部分）因水害封闭的线路开通后，工务部门应根据现场情况确定行车速度。第一趟列车不得放行旅客列车。,对,,
3252,《行规》（普速铁路部分）当接触网一个供电臂检修和处理故障时，有关站不得开通停电、有电区域之间渡线放行电力机车及动车组（具体在《站细》中规定），渡线道岔需现场加锁。,错,,
3253,《行规》（普速铁路部分）当站场接触网单元停电时，车站值班员在放行电力机车和动车组前，必须对照调度命令确认行车径路，防止错放电力机车进入无电线路。,错,,
3254,《行规》（普速铁路部分）接触网供电示意图停电区域用红色标记，其他区域用黑色标记。 ,对,,
3255,《行规》（普速铁路部分）使用电力机车调车.调车人员须确认隔离开关开闭状态后方准作业，避免将电带入无电线路。,对,,
3256,《行规》（普速铁路部分）向电气化区段开行救援列车可使用电力机车。,错,,
3257,《行规》（普速铁路部分）遇列车无线调度通信设备发生故障时，列车应在前方站停车报告，凭调度命令运行。,对,,
3258,《行规》（普速铁路部分）“区间占用”：区间已经进入列车或列车已取得占用区间的许可。,对,,
3259,《行规》（普速铁路部分）“第一接近、第二接近、第三接近”：指自动闭塞区段接近进站信号机的相邻三架闭塞分区的通过信号，相邻进站信号机的为第一接近（俗称预告）。,错,,
3260,《行规》（普速铁路部分）“按站间区间掌握”：自动闭塞区间改按电话闭塞方法办理行车。,错,,
3261,《接发列车作业》双线自动闭塞集中联锁设备车站接车（通过）作业程序:（1）接受发车预告（2）准备接车（3）确认接车线（4）开放信号（5）列车接近（6）接送列车（7）列车到达（通过）（8）报点。,对,,
3262,《接发列车作业》双线自动闭塞集中联锁设备车站发车作业程序：（1）发车预告（2）开放信号（3）准备发车（4）确认发车条件（5）发车（6）报点。,错,,
3263,《接发列车作业》单双线半自动闭塞集中联锁设备车站接车（通过）作业程序:（1）办理闭塞手续（接受发车预告）（2）听取开车通知（3）确认接车线（4）开放信号（5）列车接近（6）接送列车（7）列车到达（通过）（8）开通区间（9）报点。,错,,
3264,《接发列车作业》单双线半自动闭塞集中联锁设备车站发车作业程序：（1）确认区间空闲（2）办理闭塞手续（发车预告）（3）开放信号（4）准备发车（5）确认发车条件（6）发车（7）监视列车（8）报点（9）接受到达通知。,对,,
3265,《接发列车作业》单双线半自动闭塞色灯电锁器联锁设备车站接车（通过）作业程序:（1）确认区间空闲（2）办理闭塞手续（接受发车预告）（3）检查接车线（4）听取开车通知（5）准备进路（6）开放信号（7）列车接近（8）接送列车（9）列车到达（通过）（10）关闭信号（11）开通区间（12）报点。,对,,
3266,《接发列车作业》单双线半自动闭塞色灯电锁器联锁设备车站发车作业程序：（1）确认区间空闲（2）办理闭塞手续（发车预告）（3）准备进路（4）开放信号（5）准备发车（6）确认发车条件（7）发车（8）监视列车（9）解锁进路（10）报点（11）接受到达通知。,对,,
3267,《接发列车作业》单线自动站间闭塞集中联锁设备车站接车（通过）作业程序:（1）确认区间空闲（2）接受发车预告（3）听取开车通知（4）确认接车线（5）开放信号（6）列车接近（7）接送列车（8）列车到达（通过）。,错,,
3268,《接发列车作业》单线自动站间闭塞集中联锁设备车站发车作业程序：（1）确认区间空闲（2）发车预告（3）开放信号（4）准备发车（5）确认发车条件（6）发车（7）监视列车（8）报点。,错,,
3269,京铁运〔2016〕30号文规定:车站值班员确认接车线路空闲：集中联锁设备或有轨道电路并纳入联锁的车站，应按信号操作终端光带或线路占用表示灯确认，不能从设备上确认时应按规定现场确认。,对,,
3270,京铁运〔2016〕30号文规定:车站值班员确认接发车进路：凡能从设备上确认进路正确的从设备上确认。不能从设备上确认进路正确的车站接车前指派胜任人员确认进路正确；发车前，扳道员或指派的胜任人员必须确认道岔位置正确，并与助理值班员“对道”。有计划施工按施工临时行车办法办理。,对,,
3271,京铁运〔2016〕30号文规定:车站值班员确认进、出站（进路）信号显示：信号操作终端上有信号复示器时，按该信号复示器显示确认。,对,,
3272,京铁运〔2016〕30号文规定:助理值班员发车前应现场确认出站（进路）信号显示正确，因线路曲线等原因确认困难时，由站长明确现场确认信号显示的方法。,错,,
3273,京铁运〔2016〕30号文规定:办理旅客列车进路，信号显示正确后，按钮式信号操作终端的车站必须及时在进路始端按钮上加戴红色客车安全帽（通过进路为接车进路和发车进路始端按钮同时戴帽），列车到达（发出）后摘下。计算机联锁设备设有按钮戴帽或钮封功能时，亦按上述规定执行，不具备该功能和仅办理旅客列车接发作业的可不戴帽由各车站（车间）制定安全措施。,错,,
3274,京铁运〔2016〕30号文规定:各种行车凭证的“站名”及调度命令的“受令车站”须盖站名印，签名处盖人名章。按规定需由车站留存的行车凭证和调度命令亦按上述规定办理（使用TDCS设备打印留存的调度命令除外）。,错,,
3275,京铁运〔2016〕30号文规定:非集中联锁车站，对通过列车、单机、自轮运转特种设备及不会让的旅客列车可省略整列到达的报告，停车压警冲标时，应及时报告。,错,,
3276,京铁运〔2016〕30号文规定:非集中联锁车站办理停车不超过3分钟的列车，可比照通过列车程序提前准备发车进路，但开放进、出站信号的命令须分别下达，待列车进入接车线警冲标（轨道绝缘）内方后，方可开放出站信号。,错,,
3277,京铁运〔2016〕30号文规定:非集中联锁车站，扳道员在准备接发车进路时，对进路上不扳动的道岔，可以不进行检查确认。,错,,
3278,京铁运〔2016〕30号文规定:手指动作要求：持旗时为右手拢起的信号旗“前指”；持灯时为左手“剑指”。,对,,
3279,京铁运〔2016〕30号文规定:持旗及携带列车无线调度通信设备要求：接发车人员持旗时应左手持红旗，右手持绿（黄）旗，旗杆竖直向下；列车无线调度通信设备保持开机状态，正挎胸前。,对,,
3280,京铁运〔2016〕30号文规定:接发车人员“指、看、喊”动作要分明，灯正圈圆，立正姿势，军姿转体（列车接近接车地点前50m左右转体）。,对,,
3281,京铁运〔2016〕30号文规定:列车尾部越过接车地点，接发车人员军姿转体面向列车尾部，持旗时为右手拢起的信号旗“前指”，持灯时为右手“剑指”，指向列车尾部标志，确认尾部标志齐全良好后口呼：“尾部标志好”。,错,,
3282,京铁运〔2016〕30号文规定:6502电气集中联锁控制设备作业人员在排列进路前，须确认排列进路表示灯在熄灭状态，眼看、手指排列进路表示灯，口呼：“灭灯”后，方可顺序按压进路始端按钮和终端按钮。当进路光带点亮，信号复示器开放后，确认进路正确。,对,,
3283,京铁运〔2016〕30号文规定:6502电气集中联锁控制设备因按钮按压不到位、错按、误碰或不能判明的原因，造成不能排出进路时，须立即登记运统-46，通知设备单位。,错,,
3284,京铁运〔2016〕30号文规定:6502电气集中联锁控制设备信号开放后，因错误办理产生预排，进路上的有关按钮产生闪烁或稳定灯光时，须确认列车都停车后，方可使用总取消或总人解方式取消闪烁或稳定灯光，防止因盲目取消导致错误关闭已开放的信号。,错,,
3285,京铁运〔2016〕30号文规定:6502电气集中联锁控制设备使用“总人解+人工解锁盘按钮”非正常解锁遗留光带时，必须严格落实双人确认核对制度，杜绝错误操作解锁设备、错误关闭已开放的信号。,对,,
3286,京铁运〔2016〕30号文规定:计算机联锁设备不办理作业时，鼠标箭头要放置在固定位置（信号操作终端空白区域并标注），必须经车站值班员准许才可以随意触摸鼠标。,错,,
3287,京铁运〔2016〕30号文规定:计算机联锁设备严禁以“单封”道岔的方式代替“单锁”方式锁闭进路。,对,,
3288,京铁运〔2016〕30号文规定:需车站递交（转达）的调度命令，车站值班员（或指派的胜任人员）须在列车出发（通过）前递交（转达）完毕，车站值班员在布置开放出站（发车进路）信号机前，须与司机联控确认限速调度命令已收到，并向列车调度员报告。,对,,
3289,京铁运〔2016〕30号文规定:办理非正常行车前，车站值班员必须及时通知干部到岗盯控把关，在《非正常行车控制卡》上填写日期、班次、车站值班员姓名、通知干部时间。,对,,
3290,京铁运〔2016〕30号文规定:车站值班员严格按照列车运行图和本区段列车调度员下达的三、四小时列车运行调整计划组织行车。,对,,
3291,京铁运〔2016〕30号文规定:办理接发列车预告（闭塞）手续时，必须严格对照三、四小时列车运行调整计划，核对列车车次、运行时刻、调度命令、运行方向以及停、通时刻等内容，确认无误后，方可办理。,对,,
3292,京铁运〔2016〕30号文规定:没有纳入列车运行计划、与列车运行计划不符或对列车运行计划有疑问时，应及时与列车调度员联系确认，严禁盲目办理接发列车手续。,对,,
3293,京铁运〔2016〕30号文规定:信号员、联控助理值班员必须及时打印并配备列车调度员下达的三、四小时列车运行调整计划（复视电子行车日志的可不打印），在准备接发列车进路前，对照三、四小时列车运行调整计划，认真检查、确认、核对列车车次、运行时刻、接车线路、停车或通过时刻以及列车运行方向等关键内容，落实“记、过、销”制度，可作为占线簿使用。,对,,
3294,京铁运〔2016〕30号文规定:停电前根据三、四小时列车运行调整计划与列车调度员确认不再继续运行等候施工的列车车次，逐个通知接触网停电范围内的电力机车、动车组司机降弓后，方可汇报列车调度员具备停电条件。,错,,
3295,京铁运〔2016〕30号文规定:多方向车站办理接发列车作业，接车时：方向应加在车次前；发车时：方向应加在“×道”之后。列车反方向运行时用语中还应增加“反方向”。,对,,
3296,京铁运〔2016〕30号文规定:多方向车站TDCS车务终端《行车日志》须利用邻站站名功能保持“记事”栏显示列车运行注意事项的状态。,错,,
3297,京铁运〔2016〕30号文规定:值班员办理预告（闭塞）手续及下达接发列车命令时，须认真核对“记事”栏列车运行注意事项，并以线名或邻站站名区别方向，有两个及以上车场或径路时，必须讲明车场或径路。,错,,
3298,京铁运〔2016〕30号文规定:多方向车站应将进路表示器的显示方式及显示意义纳入《站细》和《岗位作业指导书》。,对,,
3299,京铁运〔2016〕30号文规定:具备确认条件的车站，助理值班员在发车（通过）前，必须现场确认出站（发车进路）信号机和进路表示器显示状态正确，口呼：“×道×方向出站信号好”后，方准按规定办理发车手续。进路表示器显示不正确，应及时通知车站值班员。,错,,
3300,京铁运〔2016〕30号文规定:多方向车站信号操纵人员操纵行车设备时，严格执行“一看、二按（点击）、三确认、四呼唤”制度，各动作之间必须有间隔停顿，因作业繁忙可同时进行其他作业。,错,,
3301,京铁运〔2016〕30号文规定:开放信号指向决定多方向端接车、发车方向的按钮时，必须得到互控人员确认，发出 “正确”的口令后，方可按压（点击）。,对,,
3302,京铁运〔2016〕30号文规定:车站值班员须根据停电计划了解接触网停电安全卡控措施（停电范围除外）。,错,,
3303,京铁运〔2016〕30号文规定:停电前根据三、四小时列车运行调整计划与列车调度员确认不再继续运行等候施工的列车车次，逐个通知接触网停电范围内的电力机车、动车组司机降弓后，方可汇报列车调度员具备停电条件。,错,,
3304,京铁运〔2016〕30号文规定:车站值班员接到接触网停电的调度命令后，须与信号员（同室的助理值班员）共同核对停电卡片、施工登记，确认停电区域，无误后在调度命令（调度命令登记簿）上分别签名并注明作业班组。,错,,
3305,京铁运〔2016〕30号文规定:未使用防止电力机车进入无电（网）区辅助提示设备的6502联锁设备车站，未设供电驻站人员的由车站值班员负责在“接触网供电示意图”上用红笔勾画接触网停电范围。施工完毕后抹消相关勾画。,错,,
3306,京铁运〔2016〕30号文规定:未使用多功能电子占线板、TDCS3.0系统的计算机联锁车站在信号操作终端前增加透明揭示板，车站值班员在其上勾画停电区域，防止错误办理。恢复供电调度命令下达后抹消相关勾画，摘下透明揭示板。,对,,
3307,京铁运〔2016〕30号文规定:车站值班员在办理接发临客作业时，重点把好车次关、停通关、方向关，落实“四核对”制度，即：与列车调度员核对，与三、四小时列车运行调整计划核对，与《临客时刻表》和《临客开行明示卡》核对，与邻站核对。,错,,
3308,京铁运〔2016〕30号文规定:车站值班员接班后，须根据日（班）计划、《临客时刻表》和《临客开行明示卡》了解本班临客开行情况，临客预告后在“卡”上临客车次前划“√”，办理临客完毕后要及时将该车次抹消，交接班重点交接。,错,,
3309,京铁运〔2016〕31号文规定:作业人员撤除到发线待发车列的防溜措施，并确认机后铁鞋（止轮器、紧固器）已放置在存放地点后，方可向车站值班员汇报：“X道防溜措施已撤除，机后XX号铁鞋（止轮器、紧固器）已归位”，车站值班员复诵并在《行车日志》记事栏上登记机后铁鞋（止轮器、紧固器）编号。未得到防溜措施已撤除的报告，车站值班员不得开放出站（进路）信号。,错,,
3310,京铁运〔2016〕31号文规定:实际坡度超过2.5‰的到发线，禁止停放保留列车。,错,,
3311,京铁运〔2016〕31号文规定:为防止轨道电路分路不良，保留列车停留时间不得超过48小时。,错,,
3312,京铁运〔2016〕31号文规定:具备条件的车站，应将保留列车停放线路两端道岔扳向开通安全线、牵出线或与正线隔开的位置，并在控制台上单独锁闭。,对,,
3313,京铁运〔2016〕31号文规定:挂有装载超限货物车辆、特种车辆、自轮运转特种设备的保留列车，无论保留时间长短，开车前，列车调度员均须通知车辆段调度安排人员对保留列车进行检查。,对,,
3314,京铁运〔2016〕31号文规定:封存铁路货车执行“三固定”原则，即：固定存放车站、固定存放线路、固定停留位置。,错,,
3315,京铁运〔2016〕31号文规定:封存铁路货车原则上不得安排在坡度大于2.5‰的线路上停放。凡与正线无隔开设备的到发线禁止停放封存车辆。,对,,
3316,京铁运〔2016〕31号文规定:封存车辆在车站停留时，具备条件的车站应将线路两端道岔扳向开通安全线、牵出线或与正线隔开的位置，并采取控制台单独锁闭措施。,对,,
3317,京铁运〔2016〕31号文规定:集中区封存车动车作业或解封开车，以及利用解封后的封存车停留线路进行接发列车、调车作业时，必须严格按照轨道电路分路不良区段作业的相关规定，办理进路前首先单独锁闭进路上的相关道岔，并认真执行车机（车调）联控制度。,错,,
3318,京铁运〔2016〕32号文规定:车站值班员、信号员、扳道员、驼峰作业员必须有书面调车作业计划，执行“抹钩”制度，干完一钩抹消一钩。,对,,
3319,京铁运〔2016〕32号文规定:集中区调车作业，车站值班员应随时掌握作业进度，车调联控后，在调车作业通知单每勾计划后标画出入线符号，入线符号为“\”，出线符号为“/”入出线后形成“Ⅹ”符号。,错,,
3320,京铁运〔2016〕31号文规定:在同一咽喉区调车作业（包括机车出入库）时，三等及以下车站调车进路必须一次排通。,对,,
3321,京铁运〔2016〕31号文规定:二等及以上车站确因作业繁忙，同一咽喉区进路不能一次排通时，严格执行车调联控制度，并通知司机调车信号机开放架数。,对,,
3322,京铁运〔2016〕31号文规定:二等及其以下集中联锁的车站，穿越（占用）正线返岔子推送作业时，在调车信号开放前（单机除外），执行信号楼（行车室）人员“红键锁闭”制度。,对,,
3323,京铁运〔2016〕31号文规定:中间站穿越（占用）正线调车作业须接通全部车辆2/3的软管，严禁抢钩作业。,错,,
3324,京铁运〔2016〕31号文规定:车站、动车段（所）在集中区进行调车作业时，应执行车调联控作业。,对,,
3325,京铁运〔2016〕31号文规定:执行车调联控时，遇一方未主动联控，另一方不需要补控。作业中调车信号开放后，联系不上或联控不清时，不得盲目动车。,错,,
3326,京铁运〔2016〕31号文规定:在集中区进行的作业，车站值班员应主动呼叫司机或调车人员，出本线时按照“出X道呼叫X道”、返调车信号时按照“进X道呼叫X道”的方式进行联控。,对,,
3327,京铁运〔2016〕31号文规定:机车出库、入库（转线）作业，联控用语：车站值班员：“XX号（次）机车，（去）（X场）X道调车信号好”。司机：“XX号（次）机车（去）（X场）X道调车信号好，司机明白”。,错,,
3328,京铁运〔2016〕31号文规定:作业中当返尽头线、有车线时，执行车调联控作业时车站值班员还应提示司机注意，用语为“注意安全”，司机应及时应答。,错,,
3329, 京铁运〔2016〕31号文规定:牵引（单机）、推进及穿越正线作业，联控用语：车站值班员：“XX调（次），（去）X道调车信号好（穿越正线）”。司机（调车人员）：“XX调（次）（去）X道调车信号好（穿越正线）。,错,,
3330,京铁运〔2016〕31号文规定:作业中遇临时变更调车进路时，必须先停止作业，由车站值班员向调车人员传达清楚后即可进行作业。,错,,
3331,京铁安监〔2015〕58号文规定:在分路不良区段的作业，排列调车进路前，车站值班员（列车调度员）必须确认调车列、单机（包括动车组、自轮运转特种设备，下同）的位置，不能确认调车列、单机位置时，不得排列调车进路。,对,,
3332,京铁安监〔2015〕58号文规定:经过分路不良区段的车调联控作业，呼叫时机：车站值班员（列车调度员）确认调车列、单机位置时。联控用语：车站值班员（列车调度员）：“XX（次）调（XX型XX号）是否越过XX信号机”。司机（调车人员）：“XX（次）调（XX型XX号）已经（没有）越过XX信号机”。车站值班员（列车调度员）：“XX（次）调（XX型XX号）已经（没有）越过XX信号机，XX站（场）明白”。,对,,
3333,京铁安监〔2015〕58号文规定:呼叫时机：调车指挥人确认机车车辆需压信号机绝缘原路返回时。联控用语：调车指挥人：“XX站（场），XX次（调）X道请求原路返回”。车站值班员：“XX次（调）X道原路返回进路好（了）”。调车指挥人：“X道原路返回进路好（了），XX次（调）明白”。,对,,
3334,京铁安监〔2015〕58号文规定:特等站、一等站本务机车出、入库（转线）进路不能一次排通的作业，呼叫时机：当前调车信号开放后。联控用语：车站值班员：“XX号（次）机车，（去）X道已开放X号调车信号”。司机：“XX号（次）机车，（去）X道已开放X号调车信号，司机明白”。,错,,
3335,京铁师〔2008〕95号文规定:车站轨道电路区段分路不良期间，车站值班员办理有关接发列车或调车作业时，必须做到：信号开放前，必须将进路上分路不良区段内道岔单操锁闭。,错,,
3336,京铁师〔2008〕95号文规定:车站轨道电路区段分路不良期间，车站值班员办理有关接发列车或调车作业时，必须做到：站内调车作业时，必须通过列车无线调度电话（无线灯显调车电台）与机车乘务员或调车人员联控，在得到机车、车辆确已出清分路不良区段的汇报后，方准排列下一进路。,对,,
3337,京铁师〔2008〕95号文规定:原则上不准在分路不良区段上停放机车、车辆，遇必须在分路不良的线路上停放车辆时，车站值班员要将线路两端道岔扳向不能进入该线的位置。,错,,
3338,京铁师〔2007〕158号文规定:遇车站TDCS故障不能使用时，列车调度员对该站（场）调度命令、日班计划、阶段计划的发布、下达，应恢复原手工操作方法。,对,,
3339,京铁师〔2014〕381号文规定:非汛期严重晃车后对已进入区间的后续首列为旅客列车或军用列车，车站值班员通知列车机车乘务员（动车组司机）在晃车处停车检查。,错,,
3340,京铁师〔2014〕381号文规定:非汛期严重晃车后对已进入区间的后续首列为旅客列车或军用列车，列车机车乘务员（动车组司机）停车检查发现异常时，司机立即将有关情况向车站值班员报告，列车必须缓慢移动。,错,,
3341,京铁师〔2015〕535号文规定:遇集中联锁车站道岔失去表示，车站值班员进行道岔扳动试验后，确认道岔定、反位中一个位置失去表示时，可利用道岔表示正常的位置正常组织行车。,错,,
3342,京铁师〔2014〕577号文规定:自动闭塞区段，CTC/TDCS区间列车占用丢失报警、车站值班员（列车调度员）发现或得到区间列车占用丢失信息时，车站值班员（列车调度员）应立即通知占用丢失的列车司机立即停车，不再向该区间放行后续列车。,错,,
3343,京铁师〔2014〕577号文规定:发生列车占用丢失后，电务部门对故障进行检查处理。故障恢复时，列车调度员根据电务部门登记，亲自或通过车站值班员通知有关列车司机恢复正常行车。,对,,
3344,京铁师〔2014〕577号文规定:列车占用丢失故障暂时无法恢复，占用丢失的列车运行无异常，具备放行列车条件时，列车调度员（车站值班员）按照电务部门登记的行车限制条件放行列车。对已进入区间的后续列车，列车调度员确认列车至前方站间区间空闲后，亲自或通知车站值班员组织列车逐列恢复运行，指示后列恢复运行前必须确认前列已完整到达前方站。,对,,
3345,京铁师〔2014〕577号文规定:单机在自动闭塞区间紧急制动停车或被迫停在调谐区内时，车站值班员（列车调度员）得到停车的单机由停车位置起动后，通知停车列车恢复运行。,错,,
3346,京铁师〔2014〕577号文规定:在控制台一、二离去区段换轨产生分路不良时，由现场工务防护人员确认出清换轨地段后，向工务驻站人员汇报，驻站人员向车站值班员汇报，车站开放信号放行列车。,对,,
3347,京铁师〔2009〕645号《车机联控作业》列车无线调度通信设备（调度台、车站台、机车台）均应安装通信记录装置，配备转录设备、使用稳定可靠的电源，保证设备不间断工作。,对,,
3348,京铁师〔2009〕645号《车机联控作业》列车无线调度通信设备在运用状态中，任何人不应随意关机、移动、拔掉接线插头。站段在通信记录装置通道使用上，应保持各站通道使用的综合性、通用性。,错,,
3349,京铁师〔2009〕645号《车机联控作业》列车无线调度通信设备车站台的通信记录装置应保持日常录音状态良好，并应安装在易于值班干部确认的地方。,错,,
3350,京铁师〔2009〕645号《车机联控作业》车站通信记录装置发生故障时，应填写《行车设备检查登记簿》（运统－46），车站有关人员应配合铁通维修人员进行简单处理，并及时报告站段主管科室。,对,,
3351,京铁师〔2009〕645号《车机联控作业》列车无线调度通信设备车站台故障后，车站可临时使用便携台维持车机联控作业和通信联络的畅通（但规章要求车站通信记录装置必须良好情况下的各种作业，必须使用便携台转达2次及其以上）。,错,,
3352,京铁师〔2009〕645号《车机联控作业》参与车机联控的人员应严格执行车机联控作业标准，正确操作列车无线调度通信设备、录音设备，经培训合格后方可上岗。,对,,
3353,京铁师〔2009〕645号《车机联控作业》车机联控时，应注意联控时机，减少同频干扰现象。,对,,
3354,京铁师〔2009〕645号《车机联控作业》当车机联控时，遇到其他同频正在通报安全信息、转达调度命令等作业，应注意避让，不应强行中断他人的通话。,对,,
3355,京铁师〔2009〕645号《车机联控作业》静态车机联控作业要礼让动态车机联控作业。,对,,
3356,京铁师〔2009〕645号《车机联控作业》参与车机联控人员的范围不得随意扩大，确需扩大时，报路局安全监察室审批。,对,,
3357,京铁师〔2009〕645号《车机联控作业》未经批准，任何单位和个人不得擅自加入列车无线调度通信设备进行通话。,对,,
3358,京铁师〔2009〕645号《车机联控作业》无故不执行车机联控及使用电台闲谈，均属车机联控重要信息。,错,,
3359,"京铁师〔2009〕645号《车机联控作业》车站主动呼叫司机的作业,列车临时机外停车后接车车机联控用语：车站值班员:“XX（次）XX（站）进站[接车进路]信号好（了）X道通过[停车] ”。列车司机:“XX（次）XX（站）进站[接车进路]信号好（了）X道通过[停车]，司机明白”。",错,,
3360,"京铁师〔2009〕645号《车机联控作业》车站主动呼叫司机的作业,当进站信号开放好，出站（发车进路）信号未开放，办理通过列车车机联控用语：
列车接近前
车站值班员:“XX（次）XX（站、场）X道停车”。
列车司机:“XX（次）X道停车，司机明白”。
当出站（发车进路）信号开放后
车站值班员:“XX（次）X道出站[发车进路]信号好（了）”。
列车司机:“X（次）X道出站[发车进路]信号好（了），司机明白”。",对,,
3361,"京铁师〔2009〕645号《车机联控作业》车站主动呼叫司机的作业,通过列车变为停车车机联控用语：
列车接近前
车站值班员:“XX（次）XX（站）X道停车”。
列车司机:“XX（次）X道停车，司机明白”。",对,,
3362,"京铁师〔2009〕645号《车机联控作业》特殊情况旅客列车临时变更进路须经限速25公里的9号道岔侧向接发车车机联控用语（后方站与司机进行进、出站联控后，预告司机前方站变更接车线路）：
车站值班员:“XX（次）预告XX（站）变更X道接车”。
列车司机:“XX （次）XX（站）变更X道接车，司机明白”。",对,,
3363,"京铁师〔2009〕645号《车机联控作业》特殊情况旅客列车临时变更进路须经限速25公里的9号道岔侧向接发车车机联控用语（接入站内通过的列车，接车站在列车接近前）：
车站值班员:“XX（次）XX（站）变更X道通过，进站 [出站] [进出站]经9号道岔侧向”。
列车司机:“XX（次）XX（站）变更X道通过，进站 [出站] [进出站]经9号道岔侧向，司机明白”。",错,,
3364,"京铁师〔2009〕645号《车机联控作业》特殊情况旅客列车临时变更进路须经限速25公里的9号道岔侧向接发车车机联控用语（接入站内停车的列车，接车站在列车接近前）：
车站值班员:“XX（次）XX（站）X道停车，进站经9号道岔侧向，限速25公里”。
列车司机:“XX（次）XX（站）X道停车，进站经9号道岔侧向，限速25公里，司机明白”。",错,,
3365,"京铁师〔2009〕645号《车机联控作业》特殊情况旅客列车临时变更进路须经限速25公里的9号道岔侧向接发车车机联控用语（列车在站内停车再开，出站信号开放后）：
车站值班员:“XX（次）X道出站信号好（了），经道岔侧向，限速25公里”。
列车司机:“XX（次）X道出站信号好（了），经道岔侧向，限速25公里，司机明白”。",错,,
3366,"京铁师〔2009〕645号《车机联控作业》车站主动呼叫司机的作业,站内或区间限速车机联控用语（进入关系站前的第二个车站与司机联控关系站站内及区间限速的调度命令号）：
车站值班员:“XX（次），注意XX、XX……号调度命令”。
列车司机:“注意XX、XX……号调度命令，司机明白”。",对,,
3367,"京铁师〔2009〕645号《车机联控作业》车站主动呼叫司机的作业,站内或区间限速车机联控用语（站内存在一处限速地点，或前方区间存在一处限速地点，列车接近前）：
车站值班员:“XX（次）XX（站）X道通过[停车] ”。
列车司机:“XX（次）XX（站）X道通过[停车]，司机明白”。
车站值班员:“调度命令XX号，站内限速XX公里[XX场站内限速XX公里][区间XX公里XX米至 XX公里XX米限速XX公里]”。
列车司机:“调度命令XX号，站内限速XX公里[XX场站内限速XX公里] [区间XX公里XX米至 XX公里XX米限速XX公里]，司机明白”。",对,,
3368,"京铁师〔2009〕645号《车机联控作业》封锁施工开通后，车站按调度命令指定列车限速通过站内限速地段车机联控用语：
车站值班员:“XX（次），XX（站）呼叫，调度命令XX号，指定XX （次）为开通后第X列,站内限速XX公里”。
列车司机:“调度命令XX号，指定XX （次）为开通后第X列,站内限速XX公里，司机明白”。",对,,
3369,"京铁师〔2009〕645号《车机联控作业》封锁施工开通后，车站按调度命令指定列车限速通过区间限速地段车机联控用语：
车站值班员:“XX（次），XX（站）呼叫，调度命令XX号，指定XX （次）为开通后第X列,区间XX公里XX米至XX公里XX米限速XX公里”。
列车司机:“调度命令XX号，指定XX （次）为开通后第X列,区间XX公里XX米至XX公里XX米限速XX公里，司机明白”。",对,,
3370,"京铁师〔2009〕645号《车机联控作业》封锁施工开通后，车站按调度命令指定列车限速通过站内至区间限速地段车机联控用语：
车站值班员:“XX（次），XX（站）呼叫，调度命令XX号，指定XX （次）为开通后第X列, XX站内至XX（站）间XX公里XX米至XX公里XX米限速XX公里”。
列车司机:“调度命令XX号，指定XX （次）为开通后第X列, XX站内至XX（站）间XX公里XX米至XX公里XX米限速XX公里, 司机明白”。",对,,
3371,"京铁师〔2009〕645号《车机联控作业》机车空转造成钢轨擦伤后，司机报告车站车机联控用语：
列车司机:“XX（站），XX（次）在区间[站内] XX公里XX米（处）发生空转”。
车站值班员:“XX（次）在区间[站内] XX公里XX米（处）发生空转，，XX（站）明白”。",错,,
3372,"京铁师〔2009〕645号《车机联控作业》单机使用紧急制动停车后，车站或列车调度员呼叫追踪该单机运行的列车就地停车车机联控用语：车站值班员:“XX（次）XX（站）呼叫，前方XX公里XX米（处）停有单机，停车”。
列车司机:“前方XX公里XX米（处）停有单机，停车，XX（次）司机明白”。",错,,
3373,京铁师〔2012〕755号文规定：施工中区间和站内正线同时封锁施工，确因施工需要利用封锁线路进行站内转线作业时，施工负责人应提前向车站值班员提出申请，当封锁区间（站内封锁线路）有路用列车时，施工负责人通知其不得进站（不得移动），施工负责人和车站值班员分别指派胜任人员到进站信号机外（或相对处）防护，车站值班员得到防护人员确已到位的报告，向列车调度员请求调度命令后方可组织作业。站内封锁线路停留的路用列车由车站负责防护。,错,,
3374,京铁师〔2012〕755号文规定:施工行车组织道岔加锁办法，当联锁失效需对进路上道岔进行地面加锁时，由工务使用规定数量的紧固器，车务钩锁器加锁。分动外锁闭道岔紧固加锁时，工务必须对密贴和斥离尖轨进行紧固（非设备管理单位在营业线施工时，由道岔施工单位负责紧固，工务监护）。燕尾锁式外锁闭道岔由电务加卡块。,对,,
3375,京铁师〔2012〕755号文规定:施工行车组织道岔加锁办法，可单操的道岔在控制台用单操按钮锁闭。,对,,
3376,京铁师〔2012〕755号文规定:施工行车组织道岔加锁办法，可用调车信号锁闭接发列车进路。凡控制台失去表示的道岔，车务要派人确认道岔开通位置正确并地面加锁。,对,,
3377,京铁师〔2012〕755号文规定:车站信联闭设备施工后，必须封锁进行全面的联锁试验，确认联锁关系无误后方可开通使用，涉及列车进路使用的设备及时利用列车间隔进行联锁试验，列控设备须动态试验（含现场测试）正确后方可开通使用。,错,,
3378,京铁师〔2012〕755号文规定:扰动道床不能预先轧道的线路、道岔施工，开通后第一趟列车不准为载客动车组列车（其他列车除外）。,错,,
3379,京铁师〔2012〕755号文规定:速度160km/h以上区段，线路、接触网封锁施工开通后，第一趟列车不准为旅客列车。,错,,
3380,京铁师〔2012〕755号文规定:天窗点外上线作业前，驻站联络员必须携带车间批准的《天窗点外维修作业计划表》并在车站《行车设备检查登记簿》（点外上线）内登记（北京工电大修段、北京大型养路机械运用检修段天窗点外作业计划还需由设备管理单位的管辖车间负责审核签认后，由施工单位进行登记，设备管理单位负责现场监护，设备管理单位监护人员未到，严禁上线作业），车站值班员签认。,对,,
3381,京铁师〔2012〕755号文规定:普速铁路维修作业，遇有两个及以上单位在同一区间作业时，车站值班员要予以提示；施工负责人受令后，方可进行天窗作业。,对,,
3382,京铁师〔2012〕755号文规定:普速铁路维修作业，各单位影响线路开通使用的作业完毕，确认设备良好后，方可向车站值班员办理销点手续，车站值班员逐个确认作业单位全部销点后，方可报告列车调度员开通线路。,对,,
3383,京铁师〔2012〕755号文规定：综合维修天窗作业，车站值班员逐个确认作业单位全部销点后，方可向列车调度员报告综合维修天窗作业完毕，列车调度员接到报告后不再发布施工完毕开通命令（电气化区段在施工完毕后列车调度员应发布恢复送电命令），确认区间两端车站均汇报作业完毕后，按规定恢复放行列车。,对,,
3384,京铁师〔2012〕755号文规定：当在综合维修天窗内进行纳入施工计划或电报公布的施工，以及向区间放行路用列车、轨道车时，必须按封锁区间办法综合发布调度命令。,错,,
3385,京铁师〔2012〕755号文规定：如因特殊情况综合维修天窗作业不能按时完毕须延长时，施工单位应提前向车站值班员进行登记，车站值班员接报告后重新向列车调度员报告，必须经列车调度员口头准许。,错,,
3386,京铁师〔2012〕755号文规定：运统－46填写错误时，在备注栏注明“作废”字样（未设备注栏的登记错误行整行划一横线抹消），另起一行重新登记。,对,,
3387,京铁师〔2012〕755号文规定：运统－46填记错误、不标准、不清楚，车站值班员（列车调度员）可拒绝签认，驻站（所）员未持证上岗，车站值班员（列车调度员）可拒绝登记。延误检修、施工由设备管理单位或车务站段负责。,错,,
3388,京铁师〔2012〕755号文规定：行车设备发生故障时，车站值班员（设备管理单位发现故障时由设备管理单位）将发生故障时间、地点、现象等登在运统－46（故障登记），车站值班员进行签认，并及时通知有关设备部门，将通知的单位、时间、被通知人姓名一并登记齐全。,对,,
3389,京铁师〔2012〕755号文规定：故障的行车设备分阶段修复时，设备管理单位有关人员必须严格登记、签认。分阶段确认行车条件或故障影响范围，可以口头通知方式代替书面登记。,错,,
3390,京铁师〔2012〕755号文规定：行车设备发生故障危及行车安全需立即抢修时，设备管理单位除登记运统-46（故障登记）后，还需在运统-46（维修天窗）上登记要点。,对,,
3391,京铁师〔2012〕755号文规定：天窗点外上线作业前，驻站联络员在车站运统-46（点外上线）左页登记，车站值班员予以签认。作业完毕，驻站联络员在运统-46（点外上线）右页相应处销记，车站值班员予以签认。,错,,
3392,"京铁师电[2014]3107号文规定：列车运行途中，车站有关人员（其他部门人员发现时，通知车站）发现旅客列车车辆走行部有冒烟、冒火星、车轮发红等抱闸情形,要呼叫司机在就近合适地点立即紧急制动停车。",错,,